id,procurement_type,package_name,coordinates
18489491,PEKERJAAN_KONSTRUKSI,Pembangunan Gedung Utama Puspem Gianyar,
21751000,PEKERJAAN_KONSTRUKSI_TERINTEGRASI,Belanja Modal Bangunan Fasilitas Umum Spesifikasi: Pengadaan Gondola (Kereta Gantung) Tower Turyapada,
21749784,PEKERJAAN_KONSTRUKSI_TERINTEGRASI,Belanja Modal Bangunan Fasilitas Umum (Sarana dan Prasarana),
18487474,PEKERJAAN_KONSTRUKSI,Pembangunan Gedung D Puspem Gianyar,
18490590,PEKERJAAN_KONSTRUKSI,Persiapan Lahan Puspem Kabupaten Gianyar,
18488496,PEKERJAAN_KONSTRUKSI,Pembangunan Gedung B Puspem Gianyar,
18487323,PEKERJAAN_KONSTRUKSI,Pembangunan Gedung A Puspem  Gianyar,
17946846,PEKERJAAN_KONSTRUKSI,Belanja Modal Bangunan Gedung Kantor - Perluasan Gedung dan Pengadaan Interior Gedung DPRD Kabupaten Badung,
21770082,JASA_LAINNYA,Belanja Jasa yang Diberikan kepada Pihak Ketiga/Pihak Lain,
17951633,PENGADAAN_BARANG,"Penyediaan Sarana dan Prasarana Pengelolaan Persampahan di TPA/TPST/SPA Kabupaten/Kota, Belanja Modal Alat Processing (Mesin Incenerator)",
19761312,JASA_LAINNYA,Belanja Iuran Jaminan Kesehatan bagi Peserta PBPU dan BP Kelas 3 (1.02.02.2.02.0026),
21781528,PENGADAAN_BARANG,UNITED IMAGING PET-CT uMI 550,
17933223,PEKERJAAN_KONSTRUKSI,Belanja Modal Bangunan Gedung Tempat Pendidikan Pembangunan SMP Negeri 3 Kuta Utara (Paket Strategis),
18484872,PEKERJAAN_KONSTRUKSI,Pembangunan Gedung PJT RSUD Sanjiwani Gianyar,
18485653,PEKERJAAN_KONSTRUKSI,Pembangunan Gedung Dit Tahti Polda Bali dan Ruang Tahanan Polda Bali,
17936224,PEKERJAAN_KONSTRUKSI,Belanja Modal Bangunan Gedung Kantor - Pembangunan Kantor Dinas Pemadam Kebakaran dan Penyelamatan dan Kantor Badan Penanggulangan Bencana Daerah di Pusat Pemerintahan Kabupaten Badung,
18486001,PEKERJAAN_KONSTRUKSI,Pembangunan Gedung DPRD Kabupaten Gianyar,
17949026,PENGADAAN_BARANG,Klining Servis Senior Paket 3 tahun,
17925531,PEKERJAAN_KONSTRUKSI,"Belanja Hibah Barang kepada Pemerintah Pusat - Penataan Interior, Pengadaan Meubelair Auditorium, Pembangunan Kantin dan Garase di Kejaksaan Tinggi Bali",
21749391,PEKERJAAN_KONSTRUKSI,Penataan Area Parahyangan di Kawasan Suci Besakih Kabupaten Karangasem Tahap I,
17929042,PENGADAAN_BARANG,Internasional Fiber Optik (FO) Internet Dedicated 20000 Mbps,
17943892,PEKERJAAN_KONSTRUKSI,Belanja Hibah Barang kepada Pemerintah Pusat - Rehabilitasi Gedung Auditorium Kampus Bangli Universitas Hindu Negeri I Gusti Bagus Sugriwa Denpasar,
18490456,JASA_LAINNYA,Belanja Jasa Operator Pembelian Layanan Angkutan Sekolah,
17945241,PENGADAAN_BARANG,Belanja Modal Pengembangan CCTV di Kabupaten Badung,
18348639,PENGADAAN_BARANG,Belanja Obat-Obatan-Obat-Obatan Lainnya (Bahan dan Alat Habis Pakai Kesehatan),
17923130,PEKERJAAN_KONSTRUKSI,"Paket Konsolidasi Belanja Modal Rumah Negara Golongan I (Penataan Rumah Jabatan Kepala Daerah, Penataan Rumah Jabatan Wakil Kepala Daerah) Dan Belanja Modal Instalasi Lain (MEP Penataan Rumah Jabatan Kepala Daerah, MEP Penataan Rumah Jabatan Wakil Kepala Daerah)",
21755645,PEKERJAAN_KONSTRUKSI,Pemeliharaan Berkala Jalan pada Ruas Jalan Provinsi TEGALTAMU - PAYANGAN - BATURANYAR SEGMEN I,
17934366,PEKERJAAN_KONSTRUKSI,Belanja Modal Bangunan Gedung Tempat Pendidikan Pembangunan SMP Negeri 1 Kuta Utara,
17921066,PEKERJAAN_KONSTRUKSI,Belanja Modal Bangunan Gedung Tempat Pendidikan Pembangunan SMP Negeri 1 Kuta Selatan,
17931574,PENGADAAN_BARANG,136 HD Road Sweeper Ceksan 4M3 Karunia Perdana Putra,
17942033,JASA_LAINNYA,Belanja Rekening Penerangan Jalan Umum,
21780331,PEKERJAAN_KONSTRUKSI,Pemeliharaan Berkala Jalan pada Ruas Jalan Provinsi KETEWEL - SUKAWATI,
18487134,PEKERJAAN_KONSTRUKSI,Pembangunan Gedung Timur Polres Gianyar Polda Bali,
21057123,JASA_LAINNYA,2.15.02.2.02.0004 Belanja Rekening Penerangan Jalan Umum,
17937168,PEKERJAAN_KONSTRUKSI,Belanja Hibah Barang kepada Pemerintah Pusat - Pembangunan Pagar dan Rehab Rumah Dinas Kodam IX/Udayana,
17925345,PEKERJAAN_KONSTRUKSI,Belanja Hibah Barang kepada Pemerintah Pusat - Penataan Interior dan Pengadaan Meubelair Gedung Kantor Polresta Denpasar Polda Bali,
17923792,PEKERJAAN_KONSTRUKSI,Belanja Modal Rumah Negara Golongan I - Pembangunan Fasilitas Penunjang Rumah Jabatan Bupati dan Wakil Bupati Badung,
21770085,PEKERJAAN_KONSTRUKSI,Belanja Rehab Gedung Ruang Sidang Utama,
21749503,PEKERJAAN_KONSTRUKSI,Pengembangan SPAM Regional Petanu untuk  Kawasan Denpasar Selatan,
18357490,PENGADAAN_BARANG,Belanja Rekening Penerangan Jalan Umum,
17951887,PENBARANG,Computed Tomography X-ray System uCT 780-Core Config,
21767594,PEKERJAAN_KONSTRUKSI,Pemeliharaan Berkala Jalan pada Ruas Jalan Provinsi TEGALTAMU - PAYANGAN - BATURANYAR SEGMEN III,
21756033,PEKERJAAN_KONSTRUKSI,Pemeliharaan Berkala Jalan pada Ruas Jalan Provinsi TEGALTAMU - PAYANGAN - BATURANYAR SEGMEN II,
18820824,PEKERJAAN_KONSTRUKSI,Pembangunan TPST Biaung Desa Ped Kec. Nusa Penida,
21037915,PENGADAAN_BARANG,Belanja Bahan-Bahan Bakar dan Pelumas,
17931139,PEKERJAAN_KONSTRUKSI,Belanja Renovasi Museum,
21766157,PEKERJAAN_KONSTRUKSI,Pembangunan Rehabilitasi Napza Rumah Sakit Jiwa Provinsi Bali,
18350583,PEKERJAAN_KONSTRUKSI,Pembangunan Rumah Jabatan Pejabat Utama Polda Bali,
17938116,PENGADAAN_BARANG,Tenaga Keamanan (Satpam Pelaksana Paket 3 Tahun),
21041401,PEKERJAAN_KONSTRUKSI,Pembangunan Puskesmas Denpasar Barat tahap II,
17934622,PENGADAAN_BARANG,Kliner Junior Paket 3 tahun,
17951904,PENGADAAN_BARANG,Belanja Modal Peralatan Jaringan,
17930860,PEKERJAAN_KONSTRUKSI,Pembangunan Unit Perbenihan Ikan Air Tawar,
17947271,PEKERJAAN_KONSTRUKSI,"Belanja Modal Bangunan Gedung Tempat Olahraga - Belanja Modal Rehabilitasi Lapangan Umum Mengwi, Tribun, GOR Bulutangkis, Lapangan Tenis dan Lapangan Panjat Tebing Mengwi",
17947336,PENGADAAN_BARANG,Sewa 5 Tahun Innova Zenix Q Hybrid Modellista,
19759320,PEKERJAAN_KONSTRUKSI,Pembangunan Jalan Menuju Parkir Pura Batukau,
18821344,PEKERJAAN_KONSTRUKSI,Pembangunan Labkesmas,
21752280,JASA_LAINNYA,"Belanja Jasa Tenaga Administrasi,Belanja Jasa Tenaga Keamanan,Belanja Jasa Tenaga Pelayanan Umum,BELANJA JASA TENAGA ADMINISTRASI,Belanja Jasa Tenaga Kebersihan , Belanja Jasa Kebersihan,Belanja Iuran Jaminan Kesehatan bagi Non ASN,Belanja Iuran Jaminan Kecelakaan Kerja bagi Non ASN,Belanja Iuran Jaminan Kematian bagi Non ASN,Belanja Iuran Jaminan Hari Tua bagi Non ASN,BELANJA IURAN JAMINAN/ASURANSI,Belanja Jasa Tenaga Supir",
17926582,PEKERJAAN_KONSTRUKSI,Belanja Modal Bangunan Gedung Kantor -  Penataan Halaman dan Pengadaan Meubelair Gedung Pengadilan Negeri Badung,
21058655,PENGADAAN_BARANG,Belanja Modal Kendaraan Bermotor Khusus (Vacuum Jetting Truck),
17928749,PENGADAAN_BARANG,"Penyediaan Sarana dan Prasarana Pengelolaan Persampahan di TPA/TPST/SPA Kabupaten/Kota, Belanja Modal Alat Processing (Mesin Gibrik)",
18013012,PEKERJAAN_KONSTRUKSI,Rekonstruksi Jalan Penelokan - Batur,
21777303,PENGADAAN_BARANG,Belanja Modal Bangunan Fasilitas Umum (Ruang Transmisi Sinyal atau Ruang TX),
17933020,PEKERJAAN_KONSTRUKSI,"Belanja Modal Jalan Kabupaten, Peningkatan Jalan Ruas Jalan Kelan Abian - Jimbaran (1003) Lanjutan",
17947905,PENGADAAN_BARANG,Belanja Modal Aset Tidak Berwujud-Software,
21761317,PENGADAAN_BARANG,Konsolidasi Paket Pengadaan Barang/Jasa Berupa PC,
19755475,JASA_LAINNYA,Belanja Jasa Operator Pembelian Layanan Angkutan Siswa,
18013388,PEKERJAAN_KONSTRUKSI,REKONSTRUKSI JALAN BRIGJEN NGURAH RAI dan REKONSTRUKSI JALAN PETAK - JLEKUNGKANG,
17946140,PEKERJAAN_KONSTRUKSI,Peningkatan Jaringan Irigasi Permukaan - Belanja Modal Bangunan Pembawa Irigasi - Peningkatan Terowongan Subak Tirtayasa D.I Tirtayasa di Kecamatan Petang Kabupaten Badung,
17930939,PEKERJAAN_KONSTRUKSI,Belanja Modal Bangunan Gedung Tempat Pendidikan Pembangunan SMP Negeri 2 Kuta Utara,
17920681,PENGADAAN_BARANG,Belanja Modal Mebel,
21776993,PENGADAAN_BARANG,Single Frequency Network Digital - Gateway dan Microlink - dengan Managed Service,
18483338,PEKERJAAN_KONSTRUKSI,Peningkatan Jalan Kutuh - Junjungan,
21756859,PENGADAAN_BARANG,Satuan Pengamanan Provinsi Bali,
21768968,PENGADAAN_BARANG,Belanja Modal Kendaraan Bermotor Penumpang,
17922227,PEKERJAAN_KOGADAAN_NSTRUKSI,Belanja Hibah Barang kepada Pemerintah Pusat - Pembangunan Kantor Denpom IX/3 Denpasar,
18014750,PENGADAAN_BARANG,Belanja Barang dan Jasa BOSP-BOS Reguler (SMP),
21768891,PEKERJAAN_KONSTRUKSI,Pemeliharaan Berkala Jalan pada Ruas Jalan Provinsi BURUAN - GIANYAR,
17930232,PEKERJAAN_KONSTRUKSI,Belanja Modal Rambu Bersuar - Pengadaan dan Pemasangan Lampu Penerangan Jalan di Kecamatan Kuta Utara,
18680124,PENGADAAN_BARANG,Belanja Modal Alat Pengolahan Lainnya,
17933771,PENGADAAN_BARANG,Belanja Alat/Bahan untuk Kegiatan Kantor-Alat Listrik,
18014152,PEKERJAAN_KONSTRUKSI,"Rekontruksi Jalan  Batur - Bayung Gede, Dan Rekontruksi Jalan Bonyoh - Abuan, Dan Abuan - Sangkaduang",
18481859,PEKERJAAN_KONSTRUKSI,Peningkatan Jalan Mas-Abianseka-Silungan,
18490270,PEKERJAAN_KONSTRUKSI,Peningkatan Jalan Belong - Tebuana,
21058116,PENGADAAN_BARANG,Pembesian,
21041495,PEKERJAAN_KONSTRUKSI,Rehabilitasi Jalan Kawasan Jalan Siulan di Kec. Denpasar Timur,
17934301,PEKERJAAN_KONSTRUKSI,"Pembangunan Sarana,Prasarana dan Utilitas Sekolah-SD No. 2 Kuta",
18480711,PEKERJAAN_KONSTRUKSI,Peningkatan Jalan Manukaya - Malet,
17949738,PEKERJAAN_KONSTRUKSI,"Belanja Modal Jalan Kabupaten, Pembangunan Jalan dan Drainase Ruas Jalan Labuan Sait - Pura Kulat, Pecatu (Lanjutan)",
21769114,PENGADAAN_BARANG,Belanja Modal Peralatan Studio Video dan Film,
17949249,PENGADAAN_BARANG,Pengadaan Mebel Sekolah,
17950843,PEKERJAAN_KONSTRUKSI,"Belanja Modal Bangunan Gedung Kantor - Pembangunan Gedung Kantor Lurah Tuban, Kecamatan Kuta, Kabupaten Badung",
18487951,PEKERJAAN_KONSTRUKSI,Peningkatan Jalan Jasan - Jati,
18487627,PEKERJAAN_KONSTRUKSI,Peningkatan Jalan Keramas-Pr. Selukat,
18687831,PENGADAAN_BARANG,Belanja Modal Alat Studio Lainnya,
17941310,PENGADAAN_BARANG,Exca Amphibi AX75L RP-TB228,
17939678,PENGADAAN_BARANG,Tenaga Keamanan (Satpam Pelaksana Paket 3 Tahun),
18486224,PENGADAAN_BARANG,Tenaga Kebersihan,
17925046,JASA_LAINNYA,"Belanja Jasa Iklan/Reklame, Film, dan Pemotretan (Pendokumentasian Tugas Pimpinan)",
18607930,PENGADAAN_BARANG,Belanja Barang untuk Dijual/Diserahkan kepada Masyarakat,
17940904,PEKERJAAN_KONSTRUKSI,Belanja Modal Bangunan Gedung Tempat Pendidikan Pembangunan SMP Negeri 4 Kuta Utara,
19768031,PENGADAAN_BARANG,Sub Kegiatan Rehabilitasi dan Pemeliharaan Perlengkapan Jalan (Belanja Rekening Penerangan Jalan Umum),
17928617,PEKERJAAN_KONSTRUKSI,"Belanja Modal Bangunan Gedung Kantor - Pembangunan Kantor Lurah Tanjung Benoa, Kecamatan Kuta Selatan, Kabupaten Badung",
21048456,PEKERJAAN_KONSTRUKSI,Pembangunan Kantor Polsek Denpasar Selatan Polresta Denpasar,
21762408,PEKERJAAN_KONSTRUKSI,Optimalisasi SPAM Petanu (Pengadaan dan Pemasangan Pompa Boster Optimalisasi JDU SPAM Petanu Tapping Ketewel),
17942674,PEKERJAAN_KONSTRUKSI,Pembangunan Sistem Penyediaan Air Minum (SPAM) Bukan Jaringan Perpipaan - Belanja Barang untuk Dijual/Diserahkan kepada Masyarakat - Pengadaan dan Pemasangan Sarana Prasarana Jaringan Air Bersih dan Sambungan Rumah di Banjar Wanasari Desa Sulangai Kecamatan Petang,
17930586,PENGADAAN_BARANG,Sistem Tata Udara Gedung,
17931655,PEKERJAAN_KONSTRUKSI,"Belanja Modal Bangunan Gedung Tempat Pendidikan, Pembangunan Sarana,Prasarana Utilitas Sekolah - SD No. 3 Penarungan",
19761884,PEKERJAAN_KONSTRUKSI,Rekonstruksi Jalan Ruas Penyalin - Riang Gede,
17930465,PEKERJAAN_KONSTRUKSI,"Belanja Modal Bangunan Gedung Pertokoan/Koperasi/Pasar - Renovasi  Warung Kuliner di Pantai Jimbaran Kecamatan Kuta Selatan, Kabupaten Badung",
18689486,PENGADAAN_BARANG,Belanja Alat/Bahan untuk Kegiatan Kantor-Alat/Bahan untuk Kegiatan Kantor Lainnya,
17928990,PENGADAAN_BARANG,Z-TS922-As Infrared Wireless Conference System - Delegate Unit W/ Standart Microphone And Battery,
18014613,PEKERJAAN_KONSTRUKSI,"Rekonstruksi Jalan Tingas - Dukuh, Rekonstruksi Bangkiangsidem -Peninjoan Dan Undisan Vi, Rekontruksi Jalan Bambang Kaja - Bambang Kelod, Bambang Kaja  I, Jalan Bambang Kaja Ii, Jalan Bambang Kaja Iii,Dan Jalan Bambang Kaja Iv",
17952243,PEKERJAAN_KONSTRUKSI,Belanja Modal Rambu Bersuar - Pengadaan dan Pemasangan Lampu Penerangan Jalan di Kecamatan Kuta Selatan,
21781236,PENGADAAN_BARANG,Belanja Modal Kendaraan Bermotor Penumpang,
17938427,PEKERJAAN_KONSTRUKSI,"Belanja Modal Jalan Kabupaten, Pelebaran Ruas Jalan Munggu - Pantai (4087) Lanjutan",
18013445,PEKERJAAN_KONSTRUKSI,Rekonstruksi Jalan Serai - Bunutin,
18486159,PEKERJAAN_KONSTRUKSI,Pengadaan dan Pemasangan LPJU Penataan Kawasan GOR,
17943073,PENGADAAN_BARANG,Belanja Modal Pengembangan CCTV di Kabupaten Badung,
21052428,PENGADAAN_BARANG,"Pasangan Pondasi Siklop, 60 % Beton FC 15 M.Pa  DAN 40% Batu Belah",
21767103,PENGADAAN_BARANG,Pelaksana Security,
18339957,PEKERJAAN_KONSTRUKSI,Peningkatan Jalan Lokapaksa - Bd. Kembangsari,
19759308,PEKERJAAN_KONSTRUKSI,Penataan Parkir dan Bangunan Pelengkap di Pura Batukau,
18353779,PEKERJAAN_KONSTRUKSI,Rehabilitasi Jalan Sp3. Jp. Tamblang - Bebetin,
21033623,PENGADAAN_BARANG,Saluran U Pracetak Tipe DS 4A (dengan tutup) (Precast),
17920916,PEKERJAAN_KONSTRUKSI,Pengelolaan dan Pengembangan Sistem Penyediaan Air Minum (SPAM) di Daerah Kabupaten/Kota - Pembangunan Sistem Penyediaan Air Minum (SPAM) Bukan Jaringan Perpipaan - Belanja Barang untuk Dijual/Diserahkan kepada Masyarakat - Pengadaan dan Pemasangan Sarana Prasarana Jaringan Air Bersih dan Sambungan Rumah di Banjar Belok Desa Belok Sidan Kecamatan Petang,
17934865,JASA_LAINNYA,Belanja Modal Aset Tidak Berwujud-Software,
18359794,PENGADAAN_BARANG,Belanja Obat-Obatan-Obat-Obatan Lainnya (Bahan dan Alat Laboratorium),
18355245,PEKERJAAN_KONSTRUKSI,Peningkatan Jalan Sp3. Jp. Tajun -Sp3. Jp. Mengening,
17924399,PENGADAAN_BARANG,Pengadaan Peralatan dan Mesin Lainnya,
17929426,PENGADAAN_BARANG,Laston Lapis Antara (AC-BC),
17921209,PENGADAAN_BARANG,Perpanjangan Masa Aktif (Lisensi) Perangkat Akses Internet,
18482849,JASA_LAINNYA,Pengadaan Perangkat Vidiotron,
17943403,PEKERJAAN_KONSTRUKSI,",Belanja Hibah Barang kepada Pemerintah Pusat - Penataan Interior dan Pengadaan Meubelair Gedung Kantor Makorem 163/Wira Satya Denpasar dan Kodim 1611/Badung",
21051061,JASA_LAINNYA,"Belanja Jasa Iklan/Reklame, Film, dan Pemotretan",
19760119,PEKERJAAN_KONSTRUKSI,Rekonstruksi Jalan Ruas Babahan - Sunantaya,
18013341,PEKERJAAN_KONSTRUKSI,Rekonstruksi Jalan Kedisan - Terunyan,
21055569,PEKERJAAN_KONSTRUKSI,Rekonstruksi Kawasan Jalan Dewi Madri dan Jalan Drupadi  di Kec. Denpasar Timur,
21042440,JASA_LAINNYA,Belanja Sewa Kendaraan Bermotor Penumpang (Belanja Sewa Kendaraan Operasional Pejabat,
21032900,PENGADAAN_BARANG,2.15.02.2.02.0002 Belanja Alat/Bahan untuk Kegiatan Kantor-Alat Listrik,
17952106,PENGADAAN_BARANG,Tutup Pracetak Bermotif UK. 110x120x15 cm dan Ubin Penutup Difable T. 10 ton,
19766383,PENGADAAN_BARANG,Toyota Avanza E CVT registrasi minimal tahun  2023,
21048688,PENGADAAN_BARANG,Belanja Farmasi B,
21757505,PENGADAAN_BARANG,Laston Lapis Antara (AC-BC),
17933154,PENGADAAN_BARANG,"Penyediaan Sarana dan Prasarana Pengelolaan Persampahan di TPA/TPST/SPA Kabupaten/Kota, Belanja Modal Alat Processing (Tub Grinder)",
21035548,PENGADAAN_BARANG,Pengadaan Mebel Sekolah Dasar - Belanja Modal Mebel,
17942549,PENGADAAN_BARANG,Cakra Mot Ultimate PB30 M2,
18490019,PEKERJAAN_KONSTRUKSI,Peningkatan Jalan Br.Ambengan-Laplapan,
17923376,PENGADAAN_BARANG,Pekerjaan Pengadaan DUB 430.100.120.35.35. TOP BOTTOM Gandar 15 ton,
21755982,PENGADAAN_BARANG,Belanja Modal Kendaraan Bermotor Penumpang,
17948941,PEKERJAAN_KONSTRUKSI,Belanja Barang untuk Dijual/Diserahkan kepada Masyarakat Pembangunan Peremajaan/ Pemugaran Permukiman Kumuh Di Kecamatan Kuta,
17952167,PENGADAAN_BARANG,Alphard 2.5 HYBRID CVT,
17927337,PEKERJAAN_KONSTRUKSI,Belanja Modal Bangunan Gedung Tempat Pendidikan - Pembangunan Ruang Kelas Baru SD No. 5 Pecatu,
17942807,PEKERJAAN_KONSTRUKSI,Belanja Modal Rambu Bersuar - Pengadaan dan Pemasangan Lampu Penerangan Jalan di Kecamatan Abiansemal,
19763213,JASA_LAINNYA,Belanja Bantuan Iuran Jaminan Kesehatan bagi Peserta PBPU dan BP Kelas 3 (1.02.02.2.02.0026),
21754789,JASA_LAINNYA,"Pengadaan Tanah Untuk Pembangunan Sistem Penyediaan Air Baku, Intake dan Transmisi Embung Tukad Unda di Kabupaten Klungkung",
21781464,PENGADAAN_BARANG,Laston Lapis Antara (AC-BC),
17936912,PENGADAAN_BARANG,Laston Lapis Antara (AC-BC),
18014110,PEKERJAAN_KONSTRUKSI,"Rekonstruksi Jalan Katung - Setra, Bonyoh I, dan Bonyoh - Abuan",
21769005,PENGADAAN_BARANG,Laston Lapis Antara (AC-BC),
21032023,PENGADAAN_BARANG,Laston Lapis Antara (AC-BC),
17927929,PENGADAAN_BARANG,Laston Lapis Antara (AC-BC),
21773803,PENGADAAN_BARANG,Laston Lapis Antara (AC-BC),
17951267,PEKERJAAN_KONSTRUKSI,",Belanja Modal Bangunan Gedung Kantor - Pembangunan Kantor Koramil dan Mess Danramil 1611-06/Petang",
21752956,PENGADAAN_BARANG,Jasa tenaga Keamanan ( Pelaksana ),
18481626,PENGADAAN_BARANG,Pengadaan Smart Interactive TV Pada SMPN se Kabupaten Gianyar,
21030254,PENGADAAN_BARANG,Pengadaan & Pemasangan Kamera PTZ Multi Lenses 4MP Untuk Ruas Jalan Dilengkapi Audio Announcher Dan Font Kamera,
17938394,PEKERJAAN_KONSTRUKSI,Belanja Hibah Barang kepada Pemerintah Pusat- Pembangunan Kantor Koramil dan Mess Danramil 1611-05/Abiansemal,
21755496,PENGADAAN_BARANG,Fiber Optik International 3000 Mbps Gold,
21770331,PENGADAAN_BARANG,Fiber Optik IP Transit Internasional 3 Gbps,
21770696,PENGADAAN_BARANG,Belanja Barang untuk Dijual/Diserahkan kepada Masyarakat,
17921878,PENGADAAN_BARANG,Pengadaan Peralatan dan Mesin Lainnya,
21053348,PENGADAAN_BARANG,Tutup Drainase Beton Lebar 1 m (Precast),
17937709,PENGADAAN_BARANG,Belanja Alat/Bahan untuk Kegiatan Kantor-Alat Listrik,
17930927,PENGADAAN_BARANG,Laston Lapis Aus (AC-WC),
18011924,PEKERJAAN_KONSTRUKSI,REKONSTRUKSI JALAN PENGIANGAN KAWAN - SELAT NYUHAN dan JALAN BUNUTIN - SELATI,
17937610,PEKERJAAN_KONSTRUKSI,Pembangunan Sistem Pengelolaan Air Limbah Domestik (SPALD) Terpusat Skala Perkotaan - Belanja Barang untuk Dijual/Diserahkan kepada Masyarakat - Pengadaan dan Pemasangan Sambungan Rumah (SR) Jaringan Air Limbah di Kecamatan Kuta,
21755605,PENGADAAN_BARANG,Ipal Rumah Sakit,
21045070,PENGADAAN_BARANG,Paket Hemodialisa Dewasa Lengkap Elisio 15H,
21751227,PENGADAAN_BARANG,Petugas Cleaning Service,
19755366,PEKERJAAN_KONSTRUKSI,"Rekonstruksi Jalan Ruas SP Beraban Munggu-Pantai Nyanyi (1,700 Km)",
17926623,PENGADAAN_BARANG,"Penanganan sampah melalui pemilahan dan pengolahan sampah di instalasi pengolahan sampah TPS3R, PDU, TPST, TPS, SPA, PSEL/PLTSa, RDF, pusat pengomposan, biodigester, Bank Sampah dan fasilitas lainnya sesuai dengan peraturan perundangan Belanja Bahan-Bahan Lainnya (Limstone ,Tanah Urug Subur)",
21753519,PENGADAAN_BARANG,"Laston Lapis Antara (AC-BC), Terpasang",
17937557,PENGADAAN_BARANG,Penyediaan Unit Pracetak Gelagar Tipe I Bentang 30 meter,
19767602,PENGADAAN_BARANG,Toyota Zenix G CVT Registrasi Minimal tahun 2025,
21777929,JASA_LAINNYA,Belanja Pemeliharaan Alat Radioterapi,
21756158,PENGADAAN_BARANG,Belanja Bahan- Bahan Lainnya (Penunjang Medik),
18603481,PENGADAAN_BARANG,Laston Lapis Aus (AC-WC) Terpasang,
17925342,PENGADAAN_BARANG,Saluran U Pracetak Tipe 80x80/120 (Precast) T. 10 ton,
18014686,PEKERJAAN_KONSTRUKSI,REKONTRUKSI JALAN BIAS I dan SUKAWANA  SUBAK BILA,
18607398,PENGADAAN_BARANG,Laston Lapis Aus (AC-WC) Terpasang,
17951693,PENGADAAN_BARANG,Belanja Modal Instalasi Pusat Pengatur Listrik,
21036774,PENGADAAN_BARANG,Belanja Modal Mesin Proses,
21054257,PENGADAAN_BARANG,Belanja Modal Mesin Proses,
18484803,PENGADAAN_BARANG,Laston Lapis Aus (AC-WC) tebal 6 cm,
17933497,PEKERJAAN_KONSTRUKSI,Pembangunan Sistem Penyediaan Air Minum (SPAM) Bukan Jaringan Perpipaan - Belanja Barang untuk Dijual/Diserahkan kepada Masyarakat - Pengadaan dan Pemasangan Sarana Prasarana Jaringan Air Bersih dan Sambungan Rumah di Banjar Nungnung Desa Pelaga Kecamatan Petang,
17946354,JASA_LAINNYA,"Belanja Jasa Iklan/Reklame, Film, dan Pemotretan Sub. Kegiatan Relasi Media Media Publik Bidang Pengelolaan Informasi Publik",
17925107,PENGADAAN_BARANG,"Saluran U Pracetak Tipe DS 4 (80x80/120 Precast), T  10 Ton",
21051310,PENGADAAN_BARANG,Belanja Modal Mesin Proses,
21036467,PENGADAAN_BARANG,Belanja Modal Mesin Proses,
17923706,PENGADAAN_BARANG,Saluran Berbentuk U ukuran 80x80/120 Precast,
18601719,PENGADAAN_BARANG,Laston Lapis Aus (AC-WC) Terpasang,
18011489,PEKERJAAN_KONSTRUKSI,"Rekonstruksi JALAN BANGBANG - PENAGA LANDIH DAN Mundukwaru - Tiying Desa, Pengootan Tugu Pahlawan",
18481491,PENGADAAN_BARANG,Laston Lapis Aus (AC-WC) Tebal 6 cm,
21777567,PENGADAAN_BARANG,Belanja Bahan-Bahan Lainnya ( Penunjang Medik),
21065447,PENGADAAN_BARANG,Litho 150,
17933135,PEKERJAAN_KONSTRUKSI,"Belanja Modal Jalan Kabupaten, Peningkatan Ruas Jalan SP.3 Uluwatu - Langui (1069) Lanjutan",
18014563,PEKERJAAN_KONSTRUKSI,Pengembangan Sarana Penguatan Layanan Unggulan KJSU- KIA,
17949706,PENGADAAN_BARANG,Satpam Pelaksana,
21048494,PENGADAAN_BARANG,Pemasangan Mainhole Drainase dan tutup Cast Iron,
19759202,JASA_LAINNYA,"Belanja Jasa Iklan/Reklame, Film, dan Pemotretan (Fasilitasi Komunikasi / Prokopim )",
17937638,PEKERJAAN_KONSTRUKSI,"Belanja Modal Jalan Kabupaten, Pengadaan dan Pemasangan Pipa Utilitas Terpadu pada Trotoar di Kabupaten Badung",
18491097,PENGADAAN_BARANG,Ventilator Triton MV200 Advance,
17946116,PENGADAAN_BARANG,Belanja Modal Alat Penguji Kendaraan Bermotor,
21055553,PENGADAAN_BARANG,"Pemasangan Batu Andesit, 30x30 cm tebal 2 cm",
17942745,PEKERJAAN_KONSTRUKSI,"Belanja Modal Bangunan Gedung Tempat Pendidikan, Pembangunan Sarana,Prasarana Utilitas Sekolah - SD No. 1 Canggu",
17925796,PENGADAAN_BARANG,Laston Lapis Aus (AC-WC),
18486975,PENGADAAN_BARANG,Laston Lapis Aus (AC-WC) tebal 6 cm,
19756024,PEKERJAAN_KONSTRUKSI,Rekonstruksi Jalan Pujungan - Tibudalem,
17920803,PEKERJAAN_KONSTRUKSI,Pembangunan Ruang Kelas Baru SD No. 1 tuban,
17925996,PENGADAAN_BARANG,Pengadaan Precast Terowongan Type Dinding 115.30.8 cm,
17925767,PENGADAAN_BARANG,Perkerasan Blok Beton 20x20x8 abu-abu Fc 20 Mpa,
17952869,PENGADAAN_BARANG,"Saluran U Pracetak Tipe DS 4 (80x80/120 Precast), T 10 Ton",
17946966,PENGADAAN_BARANG,Belanja Modal Electric Generating Set,
21056387,PENGADAAN_BARANG,"Saluran berbentuk U Tipe DS 4a 80 x 80 x 120cm, dengan tutup (Precast)",
17950613,PENGADAAN_BARANG,Kliner Junior,
17929371,PENGADAAN_BARANG,"Gorong-gorong Kotak Beton Bertulang, ukuran dalam 60 cm x 60 cm",
17926014,PENGADAAN_BARANG,Perkerasan Blok Beton 20 x 20 x 8 abu-abu 20 Mpa,
18820461,JASA_LAINNYA,Jasa Pengoperasian Angkutan Siswa di  Kecamatan Klungkung,
21774418,PENGADAAN_BARANG,Sangfor Sangfor Hci A-Server3405 - 3 Nodes,
17945694,PENGADAAN_BARANG,Belanja Pakaian Olahraga ( Olah Raga ),
21774524,JASA_LAINNYA,Belanja Tagihan Listrik Operasional SPALD Terpusat dan Kantor UPTD PAL,
21062362,PEKERJAAN_KONSTRUKSI,Perbaikan Saluran Drainase Di Kesiman Kertalangu (Pemulihan Infrastruktur Akibat Bencana Banjir),
17950583,PENGADAAN_BARANG,Belanja Alat/Bahan untuk Kegiatan Kantor- Bahan Cetak,
18480434,PENGADAAN_BARANG,Belanja Modal Electric Generating Set,
17938423,PENGADAAN_BARANG,"Laston Lapis Antara (AC-BC), Terpasang",
18491741,PEKERJAAN_KONSTRUKSI,Peningkatan Jaringan Irigasi  D.I. Buahan,
19759641,JASA_LAINNYA,Belanja Jasa Tenaga Kebersihan,
19760590,PEKERJAAN_KONSTRUKSI,Rekonstruksi Jalan Kalanganyar - Curah,
18485026,PEKERJAAN_KONSTRUKSI,Pembangunan IPLT dan Sarana Penunjangnya,
18605092,PEKERJAAN_KONSTRUKSI,Pemeliharaan Rutin Jalan,
18611475,PENGADAAN_BARANG,Belanja Modal Instalasi Pengolahan Sampah Lainnya,
18602400,PENGADAAN_BARANG,Beton fc 15 Mpa ( Terpasang ),
21036357,PEKERJAAN_KONSTRUKSI,Pembangunan Gedung Kantor Camat Denpasar Barat Kota Denpasar,
17924872,PENGADAAN_BARANG,"Pengadaan Perlengkapan Peserta Didik-Kain Atasan Coklat,Kain Atasan Putih dan Kain bawahan peserta didik SMP",
19756432,PEKERJAAN_KONSTRUKSI,"Penataan Kawasan Mata Air Pura Beji Meninting dan Rehabilitasi Saluran Irigasi DI Selat Berteh, Kecamatan Baturiti",
17948904,PENGADAAN_BARANG,Saluran U Pracetak Tipe DS 4 ( 80x80x120 Precast) T 10 Ton,
17930979,PENGADAAN_BARANG,Kain Tenun Endek Bali,
21036597,PENGADAAN_BARANG,Beton K300,
21047740,PENGADAAN_BARANG,Pek. Saluran U Pracetak Type DS 4A (dengan Tutup),
21749636,PENGADAAN_BARANG,Laston Lapis Antara (AC-BC),
21780004,PEKERJAAN_KONSTRUKSI,Rehabilitasi Pagar Depan Kantor Makorem 163/Wira Satya Denpasar,
21029395,PENGADAAN_BARANG,"Gorong-gorong Kotak Beton Bertulang ukuran dalam 80 cm x 80 cm, Precast",
18489794,PENGADAAN_BARANG,Tenaga Keamanan/Anggota,
17946363,PENGADAAN_BARANG,Saluran U Pracetak tipe 60x80/120 Precast,
18823674,JASA_LAINNYA,Belanja Jasa Operator Kapal Penyeberangan KMP NJA,
18482464,PENGADAAN_BARANG,MobileDiagnost wDR HP,
17939952,PENGADAAN_BARANG,NNP11984 Luminer Lengkap Led 40W Premier HL Auto Dimming,
21054263,PENGADAAN_BARANG,Saluran U Pracetak Tipe DS 4A (dengan tutup) (Precast),
21778512,PENGADAAN_BARANG,OPMI Lumera 700 with Resight 700,
21765266,PENGADAAN_BARANG,Konsolidasi Paket Pengadaan Barang/Jasa Berupa AC (Air Conditioner),
17948078,PENGADAAN_BARANG,"OPTIVISTA EPK-i7010, VIDEO PEDIATRIC BRONCHOSCOPE (PB), VIDEO ADULT BRONCHOSCOPE (AB), VIDEO THERAPEUTIC BRONCHOSCOPE (TB)",
21760197,PENGADAAN_BARANG,Alat Peraga Praktik Sekolah Pengadaan Peralatan Praktik Kejuruan - Konsentrasi Keahlian Perhotelan (DAK) SMKN 3 Kintamani,
21060427,PENGADAAN_BARANG,Sesajen Kegiatan Upacara Keagamaan Panca Yadnya,
21038999,PENGADAAN_BARANG,2.15.02.2.02.0001 Belanja Modal Instalasi Lain (Pemasangan Lampu Penerangan Jalan umum dengan Sistem  Smart APJ  Kawasan Pariwisata Jl. Danau Tamblingan sanur.),
21778094,PENGADAAN_BARANG,"Peralatan Praktik Kejuruan - Konsentrasi Keahlian Kuliner (DAK) SMKN 1 Tembuku, SMKN 1 Kubu",
21779480,PENGADAAN_BARANG,Laston Lapis Aus (AC-WC),
17953017,PENGADAAN_BARANG,Saluran berbentuk U Tipe DS 3 (60x80x120 precast) T. 10 ton,
21775710,PENGADAAN_BARANG,"Peralatan Praktik Kejuruan - Konsentrasi Keahlian Agribisnis Pengolahan Hasil Pertanian (DAK) SMKN 1 Petang, SMKN 1 Kintamani",
21753474,PENGADAAN_BARANG,Belanja Obat-obatan -Obat,
17950558,PENGADAAN_BARANG,Fuji Ac 2 PK,
18013225,PEKERJAAN_KONSTRUKSI,Rekontruksi Jalan Sekaan - Batur,
21749395,PENGADAAN_BARANG,"Peralatan Praktik Kejuruan - Konsentrasi Keahlian Teknik Sepeda Motor (DAK) SMKN 3 Singaraja, SMKN 1 Kubu",
17933235,PENGADAAN_BARANG,Laston Lapis Antara (AC-BC),
21054432,PENGADAAN_BARANG,Saluran U Pracetak tipe DS 3a (dengan tutup),
17953396,PENGADAAN_BARANG,Toyota All New Alphard 2.5 G Hybrid CVT Modelista ( Non Premium Colour ),
21062508,PENGADAAN_BARANG,Laston Lapis Aus (AC-WC),
17921546,PENGADAAN_BARANG,Saluran berbentuk U Tipe 40x60x120 (dengan tutup),
21047711,PENGADAAN_BARANG,Laston Lapis Aus (AC-WC),
21030276,PENGADAAN_BARANG,Saluran U Pracetak Tipe DS 3a (dengan tutup),
17921170,PEKERJAAN_KONSTRUKSI,"Pembangunan Seawall dan Bangunan Pengaman Pantai Lainnya - Belanja Modal Bangunan Pengaman Sungai/Pantai dan Penanggulangan Bencana Alam Lainnya - Pembangunan Jembatan dan Jalan pada Kawasan Hutan Mangrove TAHURA Ngurah Rai dari Suwung  Lemo Menuju Pura Taman Sari, Desa Adat Tanjung Benoa, Kecamatan Kuta Selatan di Kabupaten Badung",
19755538,PENGADAAN_BARANG,"Pek.1 M3 Pas Batu Belah dengan Mortar tipe N, fc 5,2 Mpa Manual, Setara 1SP : 4PP . untuk beda tinggi lebih dari 0 s.d. 1 m",
17920794,PENGADAAN_BARANG,Laston Lapis Aus (AC-WC),
21060102,PENGADAAN_BARANG,Belanja Modal Alat Angkutan Darat Bermotor Lainnya,
17940141,PEKERJAAN_KONSTRUKSI,Belanja Hibah Barang kepada Pemerintah Pusat - Pembangunan Fasilitas Pos Jaga dan Penataan Ruang Gedung Kantor Kejaksaan Negeri Badung,
21033366,PENGADAAN_BARANG,Saluran U Pracetak Tipe DS 4A (dengan tutup) (Precast),
17951641,PENGADAAN_BARANG,Saluran berbentuk U Tipe DS 3 (60x80/120),
21056577,PENGADAAN_BARANG,Belanja Modal Kendaraan Bermotor Penumpang,
21036948,PENGADAAN_BARANG,Belanja Modal Kendaraan Bermotor Khusus (Mobil Rescue) - PERUBAHAN,
21060000,PENGADAAN_BARANG,Belanja Modal Kendaraan Bermotor Khusus (Mobil Rescue) - PERUBAHAN,
21036348,PENGADAAN_BARANG,Alphard 2.5 HV CVT,
18359514,PENGADAAN_BARANG,GL Ecs-01 - Varian 93 - Gastro-Colon-Bronchoscopy V2,
21060773,PENGADAAN_BARANG,Belanja Modal Alat Studio Lainnya,
21042685,PENGADAAN_BARANG,Relief Diorama,
19756200,PEKERJAAN_KONSTRUKSI,Rekonstruksi Jalan Anyelir,
21047117,PENGADAAN_BARANG,"Endoscopy Set (7000 System, Gastro EG760R, Colon EC760R-V/L, CYW100)",
18489557,PEKERJAAN_KONSTRUKSI,Pembangunan Ruang Kelas Baru (RKB) dan Fasilitas Penunjang pada SDN 5 Gianyar,
17939942,PEKERJAAN_KONSTRUKSI,"Belanja Modal Bangunan Gedung Tempat Pendidikan, Pembangunan Sarana,Prasarana Utilitas Sekolah - SD No. 1 Ayunan",
19757719,PEKERJAAN_KONSTRUKSI,Rekonstruksi Jalan Kukuh-Jadi,
17953272,PENGADAAN_BARANG,"Saluran U Pracetak Tipe DS 3 (60x80/120 Precast), T 10 Ton",
17921253,PENGADAAN_BARANG,Meja Siswa  VRO-SD17,
18012214,PEKERJAAN_KONSTRUKSI,"Rekontruksi Jalan Nusantara 3, Jalan Sugriwa, I, Ii, Iv, Tamanbali Guliangkangin 1, Uma Anyar - Kuning Iii, Bunutin - Bunutin Dan Rekontruksi Jalan Kubu - Samania",
18604285,PENGADAAN_BARANG,New Carry Pick Up WD  Ac PS,
18482252,PEKERJAAN_KONSTRUKSI,Pengadaan dan Pemasangan LPJU di 7 Kecamatan Kab. Gianyar,
17945289,PENGADAAN_BARANG,"Saluran U Pracetak Tipe (60x80/120 Precast), T 10 Ton",
17934306,PENGADAAN_BARANG,Belanja Alat/Bahan untuk Kegiatan Kantor-Perlengkapan Dinas,
19763673,PENGADAAN_BARANG,"Pek.1 M3 Pas Batu Belah dengan Mortar tipe N fc  5,2 Mpa Manual, Setara 1SP : 4PP . untuk beda tinggi  0 s.d. 1 m Lansiran 200 M",
18356237,PEKERJAAN_KONSTRUKSI,Peningkatan SPAM Perdesaan Desa Sembiran dan Sekitarnya,
18013161,PEKERJAAN_KONSTRUKSI,"Rekonstruksi  Jalan Undisan Kaja - Sekaan,  Bengang - Pura Dalem,Yangapi - Penagalandih, Dan  Jalan Kubusuih - Manikaji",
21051702,PENGADAAN_BARANG,Belanja BHP Orthopedi,
21042125,PENGADAAN_BARANG,Belanja Modal Kendaraan Bermotor Penumpang,
21061597,PENGADAAN_BARANG,Pemasangan Box Tangkapan Air dan Tutup Cast Iron,
18490883,JASA_LAINNYA,Pengadaan Perangkat Vidiotron,
17921295,PENGADAAN_BARANG,Baja Tulangan sirip-BjTS 420B,
17933935,PENGADAAN_BARANG,"Saluran berbentuk U tipe DS 1, SBP 40/60x120 cm T. 10 ton (Precast)",
21760361,PEKERJAAN_KONSTRUKSI,Pembangunan Pengaman Pantai Syahbandar di Kabupaten Karangasem,
17949315,PENGADAAN_BARANG,"Saluran U Pracetak Tipe 80x80x120 cm Precast, T 10 Ton",
18825507,JASA_LAINNYA,Biaya langganan listrik,
21771877,PENGADAAN_BARANG,Belanja Bahan-Bahan Lainnya ( Penunjang Medik),
21035935,PENGADAAN_BARANG,TRIDENT X-VIEW 3D PANORAMIC DR CEPH 3D MULTI FOV 11X14 & TIMBALISASI dan QA/QC device,
17946666,PENGADAAN_BARANG,"Belanja Pemeliharaan Jalan dan Jembatan-Jalan-Jalan Kabupaten, Bahan Baku Pemeliharaan Jalan di Kabupaten Badung, Bahan Baku Pemeliharaan Jalan",
17939440,PENGADAAN_BARANG,Laston Lapis Antara AC-BC,
19766798,PENGADAAN_BARANG,"Pek. Laston Lapis Aus (AC-WC), Terpasang",
21046017,PENGADAAN_BARANG,Saluran U Pracetak DS 4A (Dengan Tutup) (Precast),
17948575,PEKERJAAN_KONSTRUKSI,"Belanja Modal Bangunan Gedung Tempat Pendidikan, Pembangunan Sarana,Prasarana Utilitas Sekolah - SD No. 2 Angantaka",
17952151,PENGADAAN_BARANG,Tutup Pracetak Bermotif UK. 80x120x15 cm dan Ubin Penuntun Difable T 10 Ton,
21063553,PENGADAAN_BARANG,2.15.02.2.02.0002 Belanja Alat/Bahan untuk Kegiatan Kantor-Alat Listrik (Rumah lampu Komplit LED 120 W),
19760641,PENGADAAN_BARANG,NKV-550 Ventilator P1,
21780928,PEKERJAAN_KONSTRUKSI,Belanja Modal Bangunan Gedung Kantor Pembuatan Bangunan Gedung TNKB dan Kantin pada Badan Pendapatan Daerah Provinsi Bali,
17939507,JASA_LAINNYA,"Belanja Jasa Iklan/Reklame, Film, dan Pemotretan (Pendokumentasian Tugas Pimpinan)",
19768922,PENGADAAN_BARANG,Belanja Modal Alat Kantor Lainnya,
17933856,PENGADAAN_BARANG,Belanja Modal Alat Dapur,
17935677,PENGADAAN_BARANG,Buldozer D65,
17922565,PEKERJAAN_KONSTRUKSI,Belanja Modal Rambu Bersuar - Pengadaan dan Pemasangan Lampu Penerangan Jalan di Kecamatan Mengwi,
17939829,PEKERJAAN_KONSTRUKSI,Belanja Modal Bangunan Parkir - Pembangunan Garase Mobil Pemadam Kebakaran di Pos Pemadam Kebakaran Puspem Badung,
17931812,PENGADAAN_BARANG,Sewa Excavator PC 75,
21043296,PENGADAAN_BARANG,Laston Lapis Aus (AC-WC),
21048417,PENGADAAN_BARANG,Belanja Bahan-Bahan Bakar dan Pelumas,
17927070,PENGADAAN_BARANG,"Tutup Pracetak  Dengan motif (Type UK. 110 x 120 x 15 cm+Ubin Penuntun Difable) , T 10 Ton",
17941194,PENGADAAN_BARANG,"Saluran U Pracetak Tipe DS 5 (100x100/120 Precast), T 10 Ton",
18612257,PENGADAAN_BARANG,Belanja Barang dan Jasa BLUD,
18485212,PENGADAAN_BARANG,Pengadaan Lampu LED PJU di 7 Kecamatan Kab. Gianyar,
17925333,PENGADAAN_BARANG,"Saluran U Pracetak Tipe DS 3 (60x80/120 Precast), T 10 Ton",
21771892,PENGADAAN_BARANG,"Pekerjaan Laston Lapis Aus ( AC-WC), Terpasang",
17939775,PEKERJAAN_KONSTRUKSI,"Belanja Modal Bangunan Gedung Tempat Pendidikan, Pembangunan Sarana,Prasarana Utilitas Sekolah - SD No. 4 Penarungan",
21755881,PENGADAAN_BARANG,Pasangan Batu dengan Mortar,
18490320,PENGADAAN_BARANG,Pek. Laston Lapis Aus (AC-WC) tebal 6 cm,
18481544,PENGADAAN_BARANG,Cleaning Service,
17947381,PENGADAAN_BARANG,"Saluran berbentuk U Tipe 80/80 x 120 Cm (dengan tutup Pracetak tipe andesite UK. 110 x 120 x 15 cm+Ubin Penuntun Difable) , T 10 Ton",
19761295,PENGADAAN_BARANG,"Laston Lapis Aus (AC-WC), Terpasang",
21753160,PENGADAAN_BARANG,"Peralatan Praktik Kejuruan - Konsentrasi Keahlian Bisnis Digital (DAK) SMKN 1 Gianyar, SMKN 1 Bangli",
21769474,JASA_LAINNYA,Belanja Jasa Penyelenggaraan Acara,
17950988,PEKERJAAN_KONSTRUKSI,"Belanja Modal Bangunan Gedung Tempat Pendidikan, Pembangunan Aula dan Penataan Halaman TK Negeri Pembina Abiansemal",
17945183,PENGADAAN_BARANG,"Tutup Pracetak bermotif (Type UK. 110 x 120 x 15 cm+Ubin Penuntun Difable ) , T 10 Ton",
21046644,PENGADAAN_BARANG,Bekisting lantai ( 2 Kali Pakai ),
19763103,PEKERJAAN_KONSTRUKSI,Rekonstruksi Jalan Jepun,
21774646,PENGADAAN_BARANG,Konsolidasi Paket Pengadaan Barang/Jasa Berupa Laptop,
18600533,PENGADAAN_BARANG,Beton fc 15 Mpa ( Terpasang ),
17940138,PENGADAAN_BARANG,"Tutup Pracetak Bermotif (Tipe UK. 110x120x15 cm dengan Ubin Penuntun Difable), T. 10 Ton",
21749251,PENGADAAN_BARANG,ION Metro Manage Service 100 Mbps,
17940402,PENGADAAN_BARANG,Saluran U Pracetak 60x80x120 Precast T 10 Ton,
18602495,PENGADAAN_BARANG,Laston Lapis Aus (AC-WC) Terpasang,
21031955,PENGADAAN_BARANG,2.15.02.2.02.0001 Belanja Modal Instalasi Lain (Rumah lampu Komplit LED Smart Post Top khusus Kawasan  Pariwisata Jl. Danau Tamblingan sanur.),
17948091,PENGADAAN_BARANG,Laston Lapis Antara (AC-BC),
21049275,JASA_LAINNYA,Belanja Perjalanan Dinas Biasa,
17936070,JASA_LAINNYA,"Penanganan sampah melalui pemilahan dan pengolahan sampah di instalasi pengolahan sampah TPS3R, PDU, TPST, TPS, SPA, PSEL/PLTSa, RDF, pusat pengomposan, biodigester, Bank Sampah dan fasilitas lainnya sesuai dengan peraturan perundangan,Belanja Pemeliharaan Alat Pertanian-Alat Pengolahan-Alat Processing ( Rehab dan Pemindahan Incenerator)",
18488616,PEKERJAAN_KONSTRUKSI,Penataan Simpang Pengosekan - Nyuh Kuning,
21030747,PENGADAAN_BARANG,Lapis Fondasi Agregat Kelas A,
19759062,PEKERJAAN_KONSTRUKSI,Rekonstruksi Jalan Ruas Tiying Gading - Labak Suren,
21756837,JASA_LAINNYA,Belanja Jasa Tenaga Kesehatan,
18015297,PEKERJAAN_KONSTRUKSI,"Pelebaran Jalan Landih - Penaga, Dan Rabat Beton Jalan Tanggahan - Serokadan",
17947865,PENGADAAN_BARANG,Laston Lapis Antara (AC-BC),
18481444,PENGADAAN_BARANG,Cios Select (Flat Detector - Advanced),
21759714,PENGADAAN_BARANG,Pengadaan Pompa Intake SPAM Burana,
21065337,PEKERJAAN_KONSTRUKSI,Rehabilitasi Gedung Kantor Camat Denpasar Timur Kota Denpasar,
17939572,PENGADAAN_BARANG,Saluran berbentuk U Tipe DS 3 (60x80x120 precast) T. 10 ton,
17930526,PENGADAAN_BARANG,NNP12984 Luminer Lengkap Led 90 Watt Premier HL Auto Dimming,
17929783,PENGADAAN_BARANG,"Beton struktur bervolome besar, fc 30 Mpa",
18679902,PENGADAAN_BARANG,Belanja Modal Instalasi Gardu Listrik Lainnya (Penambahan Daya Listrik 555 Kva),
21776447,PENGADAAN_BARANG,Pek. Pasangan Batu Armor w : 750 - 1000 kg,
18353443,PENGADAAN_BARANG,Fiber Optik Internasional Dedicated 2000 Mbps,
17939582,PENGADAAN_BARANG,Balifiber Fiber Optik Internasional 1500 Mbps,
17939474,PENGADAAN_BARANG,"Tutup Pracetak Bermotif (Type UK. 110 x 120 x 15 cm+Ubin Penuntun Difable) , T 10 Ton",
18823754,JASA_LAINNYA,Belanja Docking KMP. NJA,
21030550,JASA_LAINNYA,Belanja Jasa Outsourcing Tenaga,
21035825,PENGADAAN_BARANG,Belanja Modal Kendaraan Bermotor Khusus,
18347777,PEKERJAAN_KONSTRUKSI,Rehabilitasi Jalan Sp3. Jn. Gerokgak - Bendungan Gerokgak dan Rehabilitasi Jalan Pantai Asri,
21778486,PENGADAAN_BARANG,Laston Lapis Aus (AC-WC),
17942664,PENGADAAN_BARANG,Saluran berbentuk U Tipe DS 3 (60x80/120),
17924600,PENGADAAN_BARANG,Kliner Junior,
18489711,PENGADAAN_BARANG,Laston Lapis Aus (AC-WC) tebal 6 cm,
21053811,PEKERJAAN_KONSTRUKSI,Pembangunan Gedung Rumah Singgah Kota Denpasar,
19765259,PENGADAAN_BARANG,"B. Pekerjaan Laston Lapis Aus (AC-WC), Terpasang",
18489136,PENGADAAN_BARANG,Saluran Beton Pracetak Tipe U60/60 (K350) Gandar 10 Ton,
19758821,JASA_LAINNYA,Belanja Kawat/Faksimili/Internet/TV Berlangganan  Sewa Bandwidth Layanan Free wifi Untuk Masyarakat,
21059068,PENGADAAN_BARANG,"Bronchoscopy Set (7000 System, Standard EB580S, Treatment EB580T)",
17931299,PENGADAAN_BARANG,Pagar BRC Costum lapis hot dip galvanis,
18483060,PENGADAAN_BARANG,Laston Lapis Aus (AC-WC) Tebal 6 cm,
17932192,PENGADAAN_BARANG,Penyediaan Baja Struktur Grade 345 (Kuat Leleh 345 MPa) lapis hot dip galvanis,
21060760,PENGADAAN_BARANG,Belanja Modal Alat Besar Darat Lainnya,
18487775,PEKERJAAN_KONSTRUKSI,Pekerjaan Penataan Kawasan Pura Beji Ketewel,
17932545,PENGADAAN_BARANG,Laston Lapis Antara (AC-BC),
18481565,PENGADAAN_BARANG,Saluran  Siklop berbentuk U,
17951852,PENGADAAN_BARANG,PENGADAAN PRECAST TEROWONGAN TYPE Dinding 115.30.8 cm,
18682001,PENGADAAN_BARANG,Belanja Barang untuk Dijual/Diserahkan kepada Masyarakat,
18686684,PEKERJAAN_KONSTRUKSI,Pembangunan Jalan Ruas Jalan Purasana - Teki,
21032615,PEKERJAAN_KONSTRUKSI,Penataan Akses dan Lobby Gedung Graha Sewaka Dharma,
17934597,PENGADAAN_BARANG,Penyediaan Unit Pracetak Gelagar Tipe I Bentang 30 meter,
17950346,PENGADAAN_BARANG,Penyediaan Unit Pracetak Gelagar Tipe I Bentang 30 meter,
17947092,PEKERJAAN_KONSTRUKSI,Peningkatan Jaringan Irigasi Permukaan - Belanja Modal Bangunan Pembawa Irigasi - Peningkatan Saluran Irigasi Subak Karang Dalem di Kecamatan Abiansemal Kabupaten Badung,
18348825,PENGADAAN_BARANG,Belanja Obat-Obatan-Obat,
18482290,PENGADAAN_BARANG,Belanja Bahan-Bahan Lainnya,
17927328,PEKERJAAN_KONSTRUKSI,Belanja Modal Rambu Bersuar - Pengadaan dan Pemasangan Lampu Penerangan Jalan di Kecamatan Kuta,
17925587,JASA_LAINNYA,Belanja Modal Peremajaan dan Pengembangan Perangkat Akses Internet di Puspem Badung,
18484691,PEKERJAAN_KONSTRUKSI,Rehabilitasi Saluran Drainase di Desa Singapadu,
21754930,PENGADAAN_BARANG,Laston Lapis Aus (AC-WC),
21056331,PENGADAAN_BARANG,Laston Lapis Aus (Ac-WC),
21060901,PEKERJAAN_KONSTRUKSI,Pembangunan TPS3R di Kelurahan Sesetan,
17938662,PENGADAAN_BARANG,"Saluran U Pracetak Tipe (60x80/120 Precast), T 10 Ton",
18824817,PEKERJAAN_KONSTRUKSI,Peningkatan Jalan Sekartaji  - Sedihing,
21056828,PENGADAAN_BARANG,Belanja Bahan-Bahan Bangunan dan Konstruksi,
17947902,PENGADAAN_BARANG,Belanja Modal Alat Rumah Tangga Lainnya (Home Use),
18491410,PENGADAAN_BARANG,Laston Lapis Aus (AC-WC) tebal 6 cm,
17939867,PENGADAAN_BARANG,"Saluran U Pracetak Tipe DS 4 (80x100x120 Precast), T.  10 Ton",
19760140,PENGADAAN_BARANG,Belanja Modal Alat Kantor Lainnya,
18485737,PENGADAAN_BARANG,Excavator 20 Ton Customize,
17926489,PENGADAAN_BARANG,Kursi Siswa VRO-HL9 SMP / SMA,
18483300,PENGADAAN_BARANG,Mobil Pemdam Kebakaran 5000L Double Cabin - HINO,
17939337,PEKERJAAN_KONSTRUKSI,Belanja Modal Bangunan Gedung untuk Pos Jaga - Pembangunan Pos Polisi dan Gudang Bumdes di Simpang Padonan,
18485350,JASA_KONSULTANSI_BU_KONSTRUKSI,Manajemen Konstruksi Pembangunan Gedung Utama Puspem Gianyar,
21043712,PEKERJAAN_KONSTRUKSI,Pembangunan TPS3R di Desa Pemecutan Kaja,
17921748,PENGADAAN_BARANG,"Saluran berbentuk U Tipe 30/30x120 (Dengan Tutup) Precast, T  10 Ton",
18816975,PENGADAAN_BARANG,Truck Sampah,
17931193,PEKERJAAN_KONSTRUKSI,Belanja Modal Bangunan Gedung Tempat Pendidikan Penataan Halaman SMP Negeri 7 Mengwi,
17940158,PENGADAAN_BARANG,"Tutup Pracetak bermotif (tipe UK. 80 x 120 x 15 cm+Ubin Penuntun Difable) , T. 10 Ton",
17935525,PENGADAAN_BARANG,Pengadaan Precast Terowongan Type U 80.15.30.8 cm,
17935820,PENGADAAN_BARANG,Laston Lapis Antara AC-BC,
21031835,PENGADAAN_BARANG,Pemasangan 1 m2 Bata Tulikup,
18824669,PENGADAAN_BARANG,Pengadaan Mesin Pemusnah Sampah,
19763328,PENGADAAN_BARANG,1  m3 Pengecoran  Beton  menggunakan  Ready  Mixed,
18011208,PEKERJAAN_KONSTRUKSI,Pembangunan Gedung UTD,
21767809,PENGADAAN_BARANG,ION Internet Dedicated 30 Mbps,
17925230,PENGADAAN_BARANG,Perkerasan Blok Beton 20x20x8 abu-abu Fc 20 Mpa,
21036342,PENGADAAN_BARANG,Laston Lapis Antara (AC-BC),
17950509,PENGADAAN_BARANG,Belanja Modal Peralatan Personal Computer,
21048123,PENGADAAN_BARANG,Laston Lapis Aus (Ac-WC),
17944357,PENGADAAN_BARANG,Perkerasan Blok Beton 20x20x8 abu-abu Fc 20 Mpa,
18365219,JASA_LAINNYA,Belanja Sewa Mess/Wisma/Bungalow/Tempat Peristirahatan (Sewa Tempat),
18014099,PEKERJAAN_KONSTRUKSI,"Rekonstruksi Jalan Kedisan - Pande Mas, Dan  Beluhu - Gluwung",
17948858,PENGADAAN_BARANG,Lapis Pondasi Agregat Kelas A,
18817118,PENGADAAN_BARANG,pengadaan whelloader,
21064536,PENGADAAN_BARANG,Belanja Modal Kendaraan Bermotor Angkutan Barang (Dump Truck),
21056418,PENGADAAN_BARANG,Belanja Farmasi HD,
18484487,PENGADAAN_BARANG,Laston Lapis Aus (Ac-WC) Tebal 6 CM,
21061086,PENGADAAN_BARANG,"Frame + Cover Manhole Tipe A - Bintang Besar (precast Fc.30),  T. 10 ton",
17953152,PENGADAAN_BARANG,Wheel Loader,
21065080,PENGADAAN_BARANG,Isuzu NLR Mikrobus Sekolah,
17924320,PENGADAAN_BARANG,Laston Lapis Antara (AC-BC),
18822479,PEKERJAAN_KONSTRUKSI,Peningkatan Jalan Bunga Mekar - Pura Kalibun,
18681753,PEKERJAAN_KONSTRUKSI,Rekonstruksi Jalan Ruas Jalan Alas Ngandang - Gunggung,
18605814,PEKERJAAN_KONSTRUKSI,"Pemeliharaan Berkala/Rehabilitasi Jalan + Rekonstruksi/Peningkatan Kapasitas Struktur Jalan Lingkar Br. Yeh Sumbul, Pemeliharaan Berkala/Rehabilitasi Jalan + Rekonstruksi/Peningkatan Kapasitas Struktur Jalan Sp. Br. Pasar Dauh Tukad - Tukad Yeh Buah, Pemeliharaan Berkala/Rehabilitasi Jalan + Rekonstruksi/Peningkatan Kapasitas Struktur Jalan Sp. Br. Sembung IX - Br. Sembung I, Pemeliharaan Berkala/Rehabilitasi Jalan + Rekonstruksi/Peningkatan Kapasitas Struktur Jalan Munduk Ranti - Pk. Jajang",
18343624,PENGADAAN_BARANG,Belanja Pakaian Seragam Siswa SD Bantuan Siswa Tidak Mampu di Kabupaten Buleleng Tahun 2025 (Seksi Kurikulum dan Peserta Didik SD),
18360794,JASA_LAINNYA,Belanja Iuran Jaminan Kesehatan bagi Kepala Desa dan Perangkat Desa (2.13.04.2.01.0005),
17934681,PENGADAAN_BARANG,"Tutup Pracetak bermotif (tipe UK. 80 x 120 x 15 cm+Ubin Penuntun Difable) , T . 10 Ton",
17926298,PENGADAAN_BARANG,Laston Lapis Antara (AC-BC),
21781501,PENGADAAN_BARANG,Belanja Modal Kendaraan Bermotor Penumpang,
17931462,PENGADAAN_BARANG,Belanja Modal Kendaraan Bermotor Angkutan Barang( KSB Hydraulic Mobile Flood Pump ),
18486006,PEKERJAAN_KONSTRUKSI,Rehabilitasi Bendung Majangan,
17942453,PENGADAAN_BARANG,Belanja Modal Electric Generating Set,
21779799,PENGADAAN_BARANG,Layanan Bus Bali Dalam Kawasan Sarbagita,
17941253,PENGADAAN_BARANG,Laston Lapis Antara AC-BC,
19764430,PENGADAAN_BARANG,IP Transit International FO 600 Mbps,
19766909,PENGADAAN_BARANG,"Pekerjaan Lasston Lapis Aus (AC-WC), Terpasang",
19762832,PENGADAAN_BARANG,Skylift Full Telescopic 17 Meter Type CR ( Hino 136 HD ),
17939313,PENGADAAN_BARANG,Tas Sekolah Siswa SMP,
17939143,PENGADAAN_BARANG,"Laston Lapis Aus (AC-WC), tebal 5 cm",
18013191,PEKERJAAN_KONSTRUKSI,Rekonstruksi Jalan Toya Bungkah Tampurhyang,
18482848,PENGADAAN_BARANG,Belanja Bahan-Bahan Lainnya,
17932268,PENGADAAN_BARANG,Laston Lapis Antara ( AC - BC ),
17953248,PEKERJAAN_KONSTRUKSI,Peningkatan Jaringan Irigasi Permukaan - Belanja Modal Bangunan Pembawa Irigasi - Peningkatan Saluran Irigasi Subak Babakan Bengkel II di Kecamatan Petang Kabupaten Badung,
17951569,PEKERJAAN_KONSTRUKSI,Rehabilitasi Jaringan Irigasi Permukaan - Belanja Modal Bangunan Pembawa Irigasi - Rehabilitasi Jaringan Irigasi D.I Latu di Kecamatan Abiansemal Kabupaten Badung,
21042437,PEKERJAAN_KONSTRUKSI,Pembangunan TPS3R di Desa Pemecutan Kaja,
17924774,PENGADAAN_BARANG,"Belanja Modal Kendaraan Bermotor Khusus ( Truck Tangga ), Pengadaan Kendaraan Dinas Operasional atau Lapangan",
17951876,PENGADAAN_BARANG,Pengadaan kendaraan Dinas Operasional atau Lapangan,
17945481,PENGADAAN_BARANG,Laston Lapis Aus (AC-WC),
17953058,PENGADAAN_BARANG,NNP13984 Luminer Lengkap Led 120W Premier HL Auto Dimming,
17932205,PENGADAAN_BARANG,"Tutup Pracetak Bermotif (Type UK. 120 x 120 x 15 cm+Ubin Penuntun Difable) , T 10 Ton",
18481948,PENGADAAN_BARANG,VERSANA PREMIER Ultrasound System - 5 Probes Shared Service,
17949582,PENGADAAN_BARANG,Pemasangan Baja Struktur,
17944213,PENGADAAN_BARANG,Pengadaan Precast Terowongan Type Penutup 1/2 Dia Rad R 40 - 30 cm,
21761832,PENGADAAN_BARANG,Aspal Emulsi CRS 1,
17930857,PENGADAAN_BARANG,Belanja Alat/Bahan untuk Kegiatan Kantor-Perlengkapan Dinas,
21045832,PENGADAAN_BARANG,Laston Lapis Aus (AC-WC),
19757846,PENGADAAN_BARANG,Pemasangan 1 M2 Bata Press Style Bali  01,
21042739,PENGADAAN_BARANG,Saluran U Pracetak Tipe DS 4 (Precast),
17945268,PENGADAAN_BARANG,"Tutup Pracetak Bermotif (Type UK. 80 x 120 x 15 cm+Ubin Penuntun Difable) , T 10 Ton",
18481864,PENGADAAN_BARANG,Ventilator SV 300 Standart,
21065251,PENGADAAN_BARANG,Laston Lapis Aus (AC-WC),
21041171,PENGADAAN_BARANG,Logiq Totus HDU for General Imaging,
18491126,PENGADAAN_BARANG,Pelaksana Security,
17947229,PENGADAAN_BARANG,Total Cholesterol Test Strip,
17927342,PENGADAAN_BARANG,Tutup pracetak bermotif (tipe ukuran 110x120x15 cm + ubin penutup difable) T 10 ton,
19768569,PEKERJAAN_KONSTRUKSI,Rekonstruksi Jalan Seronggo - Gubug,
17947831,PENGADAAN_BARANG,Belanja Modal Alat Kebakaran,
17935605,PENGADAAN_BARANG,Excavator PC200,
17939756,PENGADAAN_BARANG,"Tutup Pracetak Bermotif Type 80x120x15 cm + Ubin Penuntun Difable, T 10 Ton",
19764208,PENGADAAN_BARANG,1 Kg Penulangan kolom. balok. ring balk. sloof. dan shearwall untuk BjTP atau BjTS diameter lebih dari 12 mm. cara Semi mekanis,
18817057,PEKERJAAN_KONSTRUKSI,Pengadaan dan pemasangan lampu penerangan jalan di Kec. Nusa Penida,
21777426,PENGADAAN_BARANG,Laston Lapis Aus (AC-WC),
21780005,PEKERJAAN_KONSTRUKSI,Pemasangan PipaTersier dan Sambungan PelangganAir Limbah Perpipaan Terpusat diKab. Badung dan Kota Denpasar,
19764112,PENGADAAN_BARANG,"Lapis Fondasi Agregat Kelas A, Terpasang",
18351753,PENGADAAN_BARANG,Belanja Modal Alat Besar Darat Lainnya,
21048279,PENGADAAN_BARANG,"Frame + Cover Manhole Tipe A - Bintang Besar (precast Fc.30), T 10 ton",
17935418,PENGADAAN_BARANG,Saluran Uditch Tipe 40x50x120 (dengan tutup) T 10 Ton,
18603872,PENGADAAN_BARANG,Beton fc 15 Mpa ( Terpasang ),
18490056,PENGADAAN_BARANG,ENDO 2K Camera System Laparoscopy,
21040945,PEKERJAAN_KONSTRUKSI,Pembangunan TPS3R di Kelurahan Sesetan,
21055887,PEKERJAAN_KONSTRUKSI,Pembangunan TPS3R di Desa Pemecutan Kaja,
21036010,PENGADAAN_BARANG,Saluran berbentuk U Tipe DS 3a (dengan Tutup),
18349387,PENGADAAN_BARANG,Belanja Perlengkapan Sekolah (Pengadaan Pakaian Seragam) bagi Peserta Didik dari Keluarga Miskin atau tidak mampu Jenjang Sekolah Menengah Pertama di Kabupaten Buleleng,
17935656,JASA_LAINNYA,Belanja Modal Aset Tidak Berwujud-Software,
18600939,PENGADAAN_BARANG,Laston Lapis Aus (AC-WC) Terpasang,
21060253,PENGADAAN_BARANG,Belanja Bahan-Bahan Bakar dan Pelumas (BBM),
18341953,PENGADAAN_BARANG,Belanja Tagihan Listrik,
17938126,PENGADAAN_BARANG,Sepatu Sekolah Siswa,
17929756,PENGADAAN_BARANG,Laston Lapis Antara (AC-BC),
21062732,PENGADAAN_BARANG,Saluran U Pracetak Tipe DS 4A (dengan tutup) (precast),
18364545,PENGADAAN_BARANG,Saluran U Pracetak DS 1,
17944914,PENGADAAN_BARANG,Pengadaan Perlengkapan Sekolah - Belanja Modal Alat Pendingin,
17938747,PENGADAAN_BARANG,Belanja Modal Alat Rumah Tangga Lainnya (Home Use),
17945900,PENGADAAN_BARANG,"Saluran U Pracetak Tipe DS 3 60 80 120 Precast , T  10 Ton",
17946109,PENGADAAN_BARANG,"Tutup Pracetak Bermotif tipe Uk. 80x120x15 cm + Ubin penutup difable, T 10 Ton",
17932651,PENGADAAN_BARANG,Laston Lapis Antara (AC-BC),
17924100,PENGADAAN_BARANG,Laston Lapis Antara (AC-BC),
21033723,PEKERJAAN_KONSTRUKSI,Pembangunan TPS3R di Kelurahan Sesetan,
21038560,PENGADAAN_BARANG,Laston Lapis Antara (AC-BC),
17937695,PENGADAAN_BARANG,Laston Lapis Antara (AC-BC),
18612588,PENGADAAN_BARANG,Beton fc 15 Mpa ( Terpasang ),
18817223,PENGADAAN_BARANG,Belanja barang dan jasa BLUD berupa Belanja Alat Kesehatan dan Bahan Medis Habis Pakai Farmasi - PL,
18819363,PENGADAAN_BARANG,Belanja barang dan jasa BLUD berupa Belanja Alat Kesehatan dan Bahan Medis Habis Pakai Farmasi - PL,
18819723,PENGADAAN_BARANG,Belanja barang dan jasa BLUD berupa Belanja Alat Kesehatan dan Bahan Medis Habis Pakai Farmasi - PL,
18820165,PENGADAAN_BARANG,Belanja barang dan jasa BLUD berupa Belanja Alat Kesehatan dan Bahan Medis Habis Pakai Farmasi - PL,
18821700,PENGADAAN_BARANG,Belanja barang dan jasa BLUD berupa Belanja Alat Kesehatan dan Bahan Medis Habis Pakai Farmasi - PL,
18822059,PENGADAAN_BARANG,Belanja barang dan jasa BLUD berupa Belanja Obat - PL,
18822150,PENGADAAN_BARANG,Belanja barang dan jasa BLUD berupa Belanja Obat - E Purchasing,
18823160,PENGADAAN_BARANG,Belanja barang dan jasa BLUD berupa Belanja Obat - PL,
17927506,PENGADAAN_BARANG,Belanja Modal Peralatan Studio Audio I,
17928928,JASA_LAINNYA,Operasi dan Pemeliharaan Stasiun Pompa Banjir-Belanja Pemeliharaan Bangunan Air-Bangunan Pengaman Sungai/Pantai dan Penanggulangan Bencana Alam-Bangunan Pengaman Sungai/Pantai dan Penanggulangan Bencana Alam,
18680536,PEKERJAAN_KONSTRUKSI,Belanja Pemeliharaan Bangunan Gedung - Bangunan Gedung Tempat Kerja - Bangunan Gedung Kantor ( Belanja Penataan Ruang / Pemeliharaan Gedung Pradatha Graha ),
17950573,PENGADAAN_BARANG,Laston Lapis Aus (AC-WC),
18481022,PENGADAAN_BARANG,Fiber Optik Internasional 2500 Mbps,
18486230,PENGADAAN_BARANG,Biznet Dedicated Internet Internasional Fo 2.5 GBPS,
17937893,PENGADAAN_BARANG,Galian  Batu sedalam 2 m s.d. 3 m (semi mekanis),
17950317,PEKERJAAN_KONSTRUKSI,"Belanja Modal Bangunan Gedung Tempat Pendidikan, Pembangunan Lanjutan Sarana,Prasarana Utilitas Sekolah - SD No. 5 Dalung",
18604950,PENGADAAN_BARANG,Nasi Kotak ekonomis 1 ( lansia),
18606874,PENGADAAN_BARANG,Nasi kotak Ekonomis 2 (lansia),
19761152,PEKERJAAN_KONSTRUKSI,Pelebaran Jalan Ruas Pesiapan - Cengolo,
18011199,PEKERJAAN_KONSTRUKSI,Rekonstruksi Jalan Kembang Sari Tanah Gambir,
18685198,PEKERJAAN_KONSTRUKSI,Rekonstruksi Jalan Ruas Jalan Dlundungan - Munduksari,
21771978,PENGADAAN_BARANG,"Laston Lapis Aus (AC-WC), Terpasang",
18352000,PENGADAAN_BARANG,"Laston Lapis Aus (AC-WC) dengan menggunakan Campuran Limbah Plastik, Terpasang",
19764251,PEKERJAAN_KONSTRUKSI,Rekonstruksi Jalan Ruas Pejaten - Bedha,
17942387,PEKERJAAN_KONSTRUKSI,Peningkatan Jaringan Irigasi Permukaan - Belanja Modal Bangunan Pembawa Irigasi - Peningkatan Saluran Irigasi Subak Apuan D.I Apuan di Kecamatan Abiansemal Kabupaten Badung,
17946183,PENGADAAN_BARANG,Belanja Alat/Bahan untuk Kegiatan Kantor-Perlengkapan Dinas,
18012242,PEKERJAAN_KONSTRUKSI,Rekonstruksi Jalan Blandingan - Songan A Dan Pelebaran Jalan Songan Kayuselem,
18483034,PENGADAAN_BARANG,Pixonic Revo Z Premium Diagnostic Ultrasound System - Radiology 4 Probes,
18489022,PENGADAAN_BARANG,Pixonic Revo Z Premium Diagnostic Ultrasound System - Radiology 4 Probes,
17933002,PENGADAAN_BARANG,Satpam Pelaksana,
19759376,PENGADAAN_BARANG,1 Kg Penulangan kolom. balok. ring balk. dan sloof untuk BjTP atau BjTS diameter dibawah 12 mm. cara Manual,
17947832,PENGADAAN_BARANG,Laston Lapis Aus AC-WC,
21768251,PENGADAAN_BARANG,Belanja Modal Aset Tetap Lainnya BLUD berupa Belanja Aplikasi ERM SIM RS,
17953250,PENGADAAN_BARANG,"Beton struktur bervolome besar, fc 30 Mpa",
18480270,PEKERJAAN_KONSTRUKSI,Peningkatan Jalan Lingkungan Desa Melinggih,
18486066,PENGADAAN_BARANG,Belanja Bahan-Bahan Lainnya,
21053482,PENGADAAN_BARANG,Belanja Farmasi A,
21759350,PENGADAAN_BARANG,Belanja Modal Kendaraan Bermotor Penumpang,
18345921,PENGADAAN_BARANG,Belanja Modal Kendaraan Bermotor Khusus_Penyediaan dan Pengelolaan Sistem Penanganan Gawat Darurat Terpadu (SPGDT),
18820411,PEKERJAAN_KONSTRUKSI,Pengadaan dan pemasangan lampu penerangan jalan di Kec. Banjarangkan,
18487228,PENGADAAN_BARANG,Baja Tulangan Sirip BjTS 420B,
18484915,PENGADAAN_BARANG,Vivid iq Portable Echocardiography System 4 Probe + Workstation,
21749255,PEKERJAAN_KONSTRUKSI,Pembangunan Sarana dan Prasarana Sumur Uji di  Desa Bondalem Kec. Tejakula Kab. Buleleng,
18481062,JASA_KONSULTANSI_BU_KONSTRUKSI,Manajemen Konstruksi Persiapan Lahan Puspem Kabupaten Gianyar,
17930824,JASA_KONSULTANSI_BU_KONSTRUKSI,Pembangunan Seawall dan Bangunan Pengaman Pantai Lainnya - Belanja Modal Bangunan Pengaman Sungai/Pantai dan Penanggulangan Bencana Alam Lainnya - Manajemen Konstruksi Konservasi Pantai di Kabupaten Badung,
17922574,PENGADAAN_BARANG,Beton Struktur fc 30 Mpa,
21034345,PENGADAAN_BARANG,Oksigen Cair,
18481617,PENGADAAN_BARANG,Penyediaan Unit Pracetak Gelagar Tipe I Bentang 30.8 meter,
21037593,PEKERJAAN_KONSTRUKSI,Rehabilitasi Jalan Kawasan Jalan Pulau Rote dan Jalan Dukuh Sari di Kec. Denpasar Selatan,
18480714,PENGADAAN_BARANG,Belanja Modal Kendaraan Bermotor Khusus,
21770266,PENGADAAN_BARANG,Procedure Pack SMILE,
19758123,PENGADAAN_BARANG,"B. Pekerjaan Lapis Fondasi Agregat Kelas A, Terpasang",
21769352,PENGADAAN_BARANG,Belanja Modal Kendaraan Bermotor Penumpang,
18820705,PEKERJAAN_KONSTRUKSI,Pemeliharaan Rutin Jalan di Nusa Penida,
21780258,PENGADAAN_BARANG,Kewajiban Belanja Obat Tahun 2024 (Pengadaan Langsung),
18679995,PENGADAAN_BARANG,Belanja Modal Kendaraan Bermotor Khusus,
17937258,PENGADAAN_BARANG,"Tutup Pracetak bermotif (tipe UK. 80 x 120 x 15 cm+Ubin Penuntun Difable) , T. 10 Ton",
17926060,PENGADAAN_BARANG,Belanja Alat/Bahan untuk Kegiatan Kantor-Perlengkapan Dinas,
18484284,PENGADAAN_BARANG,Laston Lapis Aus (AC-WC) tebal 6 cm,
17953187,PENGADAAN_BARANG,"Tutup Pracetak Bermotif tipe Uk. 80x120x15 cm + Ubin penutup difable, T 10 Ton",
17948248,PENGADAAN_BARANG,Pengadaan Perlengkapan Peserta Didik-Perlengkapan Atribut Peserta Didik SMP,
21056902,PEKERJAAN_KONSTRUKSI,Pembangunan Gedung Kantor Kelurahan Dauh Puri Kota Denpasar,
18360233,PEKERJAAN_KONSTRUKSI,Peningkatan Jalan Sp3. Jn. Gerokgak - Pantai (Bd. Batu Agung Pidada),
18817797,PEKERJAAN_KONSTRUKSI,Pengadaan dan pemasangan lampu penerangan jalan di Kec. Klungkung,
17935164,PENGADAAN_BARANG,Belanja Modal Rambu Bersuar - Pengadaan dan Pemasangan Lampu Penerangan Jalan PJUTS di Kabupaten Badung,
17944861,PENGADAAN_BARANG,Laston Lapis Aus (AC-WC),
18340108,PENGADAAN_BARANG,Campuran Beraspal Panas (Laston) Lapis Aus (AC-WCP),
18487414,PENGADAAN_BARANG,Cios Select (II),
21055979,JASA_LAINNYA,Belanja Kursus Singkat/Pelatihan,
17929231,PENGADAAN_BARANG,Chirorab Vaksin / Vaksin Rabies / Rabies Vaccine,
18489926,PENGADAAN_BARANG,Laston Lapis Aus (AC-WC) tebal 6 cm,
21046511,PENGADAAN_BARANG,Chirorab Vaksin / Vaksin Rabies / Rabies Vaccine,
18480505,PENGADAAN_BARANG,Mobil Derek,
18360207,PENGADAAN_BARANG,Belanja Sesajen Upacara Keagamaan Panca Yadnya,
18824183,PEKERJAAN_KONSTRUKSI,Pengadaan dan pemasangan lampu penerangan jalan di Kec. Dawan,
19765906,JASA_LAINNYA,Belanja Jasa Tenaga Kebersihan,
18348436,JASA_LAINNYA,Belanja Jasa yang Diberikan kepada Pihak Ketiga/Pihak Lain,
21775132,PENGADAAN_BARANG,Laston Lapis Aus (AC-WC),
21053656,PENGADAAN_BARANG,Laston Lapis Aus (AC-WC),
17920625,PENGADAAN_BARANG,Lapis Pondasi Agregat Kelas A,
19757879,PENGADAAN_BARANG,Pemasangan 1 M2 Dinding Bata Press,
19764122,PENGADAAN_BARANG,Excavator CX210C Full Guarding + PM KIT,
21757813,PENGADAAN_BARANG,Peralatan Praktik Kejuruan - Konsentrasi Keahlian Teknik Instalasi Tenaga Listrik (DAK) SMKN 1 Kuta Selatan,
17924972,PENGADAAN_BARANG,Laston Lapis Antara (AC-BC),
18821797,PENGADAAN_BARANG,Canang Cawu,
17949232,PENGADAAN_BARANG,"Tutup Pracetak Bermotif (Type UK. 80 x 120 x 15 cm Tanpa Ubin Penuntun Difable) , T 10 Ton",
21038890,PENGADAAN_BARANG,Laston Lapis Aus (AC-WC),
17928861,PEKERJAAN_KONSTRUKSI,"Belanja Modal Bangunan Gedung Tempat Pendidikan, Pembangunan Sarana,Prasarana Utilitas Sekolah - SD No. 2 Sedang",
17927640,PENGADAAN_BARANG,Pemasangan Unit Pracetak Gelagar Tipe I Bentang 30  meter,
21062828,JASA_LAINNYA,Belanja Listrik,
17925389,PEKERJAAN_KONSTRUKSI,"Belanja Modal Bangunan Gedung Tempat Pendidikan, Pembangunan Sarana,Prasarana Utilitas Sekolah - SD No. 2 Sibangkaja",
17942438,PENGADAAN_BARANG,"Saluran berbentuk Uditch Tipe 60 cm x 80 cm x 120 cm Precast K350 Gandar 10 Ton, Drain",
17921612,PENGADAAN_BARANG,"Tutup Pracetak bermotif (tipe UK. 80 x 120 x 15 cm+Ubin Penuntun Difable) , T. 10 Ton",
21036167,PEKERJAAN_KONSTRUKSI,Perbaikan Saluran Drainase Jl. Made Bina (Pemulihan Infrastruktur Akibat Bencana Banjir),
21054252,PENGADAAN_BARANG,Ambulance Gawat Darurat (HP.GD4),
17931597,PENGADAAN_BARANG,Perpanjangan Masa Aktif (Lisensi) Security Data Center,
17950190,PENGADAAN_BARANG,Belanja Barang untuk Dijual/Diserahkan kepada Pihak Ketiga/Pihak Lain,
21051044,PENGADAAN_BARANG,2.15.02.2.06.0004 Belanja Modal Kendaraan Bermotor Khusus (Kendaraan Derek),
18681837,PENGADAAN_BARANG,Belanja Modal Electric Generating Set (Genset),
21042623,PENGADAAN_BARANG,Pek. Pasang Paving (20x20x8 ) K-225,
17922807,PENGADAAN_BARANG,Laston Lapis Antara (AC-BC),
17942965,PENGADAAN_BARANG,"Paket Sistem Tata Udara Ruang Ok (Ahu, Ducting & Kontrol Sistem",
18014709,PENGADAAN_BARANG,Excavator CX210C Full Guarding + PM KIT,
18482625,PENGADAAN_BARANG,Belanja Bahan-Bahan Lainnya,
17920569,JASA_LAINNYA,Belanja Kawat/Faksimili/Internet/TV Berlangganan - Sewa Jaringan Lokal Link Metro,
17943061,PENGADAAN_BARANG,"Saluran U Pracetak UK. 60x60x120 Precast, T 10 Ton",
19762619,JASA_LAINNYA,Belanja Tagihan Listrik,
17933427,PENGADAAN_BARANG,Baja Tulangan sirip-BjTS 420B,
17944206,PENGADAAN_BARANG,SODY Extracorporeal Shock Wave Lithotripter SD9600-FB,
18603523,PENGADAAN_BARANG,Laston Lapis Aus (AC-WC) Terpasang,
18487911,PENGADAAN_BARANG,Innova Zenix 2.0 G CVT,
18488587,JASA_KONSULTANSI_BU_KONSTRUKSI,Pengawasan Pembangunan Gedung D Puspem Gianyar,
18489246,JASA_KONSULTANSI_BU_KONSTRUKSI,Pengawasan Pembangunan Gedung B Puspem Gianyar,
17922946,PEKERJAAN_KONSTRUKSI,Belanja Modal Bangunan Pembawa Irigasi - Peningkatan Saluran Irigasi Subak Selasih di Kecamatan Abiansemal Kabupaten Badung,
17935867,PENGADAAN_BARANG,Saluran berbentuk U Tipe DS 3 (60x80/120),
21765308,JASA_LAINNYA,Belanja Pemeliharaan Alat Radiologi,
21053316,PENGADAAN_BARANG,Pek. Pasang Bata Pres,
17923381,PENGADAAN_BARANG,Galian  Batu Sedalam  2 m s.d. 3 m (Manual),
18487763,PENGADAAN_BARANG,pengadaan buku pendidikan dan pembinaan ideologi pancasila,
21761898,PENGADAAN_BARANG,Belanja Bahan-Bahan Bangunan dan Konstruksi,
17934874,JASA_LAINNYA,Belanja Jasa yang Diberikan kepada Pihak Ketiga/Pihak Lain (Pendokumentasian Tugas Pimpinan),
17924610,PENGADAAN_BARANG,"Tutup Pracetak Bermotif Type 80x120x15 cm + Ubin Penuntun Difable, T 10 Ton",
19763944,PENGADAAN_BARANG,"Pek. Laston Lapis Aus (AC-WC), Terpasang",
18676725,PEKERJAAN_KONSTRUKSI,Rekonstruksi Jalan Ruas Jalan Mumbul - Pr. Bangkak,
21032258,PENGADAAN_BARANG,Laston Lapis Aus (AC-WC),
21039749,PENGADAAN_BARANG,Laston Lapis Aus (AC-WC) t 5 cm,
17923712,PEKERJAAN_KONSTRUKSI,"Belanja Modal Bangunan Gedung Tempat Pendidikan, Pembangunan Sarana,Prasarana Utilitas Sekolah - SD No. 2 Kuwum",
21041055,PEKERJAAN_KONSTRUKSI,Perbaikan Senderan Sungai Di Kelurahan Penatih (Pemulihan Infrastruktur Akibat Bencana Banjir),
18607339,PENGADAAN_BARANG,fiber optik international 1Gbps,
21758434,PENGADAAN_BARANG,Belanja Obat,
17945175,PENGADAAN_BARANG,Laston Lapis Antara AC-BC,
18820304,PEKERJAAN_KONSTRUKSI,Pelaksanaan Belanja Modal Pembangunan Gedung Rawat Inap Kelas I dan VIP,
17928908,PEKERJAAN_KONSTRUKSI,Rehabilitasi Tanggul Sungai - Belanja Modal Bangunan Air Irigasi Lainnya - Peningkatan Tanggul Sungai Perancak di Kecamatan Kuta Utara,
17938724,PENGADAAN_BARANG,Belanja Modal Alat Pendingin,
18356456,PENGADAAN_BARANG,Laston Lapis Antara (AC-BC),
17934638,PEKERJAAN_KONSTRUKSI,Peningkatan Jaringan Irigasi Permukaan - Belanja Modal Bangunan Pembawa Irigasi - Peningkatan Saluran Irigasi Subak Duaji di Kecamatan Abiansemal Kabupaten Badung,
21043485,PENGADAAN_BARANG,Belanja Modal Kendaraan Bermotor Khusus ( Mobil BW) - PERUBAHAN,
18678598,PEKERJAAN_KONSTRUKSI,Rehabilitasi Pura Kiduling Kreteg,
21056793,PENGADAAN_BARANG,Bekisting Balok( 2 Kali Pakai ),
17924866,PENGADAAN_BARANG,"Laston Lapis Aus (AC-WC), Terpasang",
17950594,PENGADAAN_BARANG,"Urugan tanah biasa atau tanah liat berpasir, tanpa pemadatan secara Manual",
21030601,PENGADAAN_BARANG,Mobil Pemadam Kebakaran Double Cabin 3000L Edisi Khusus (HINO),
17927421,PENGADAAN_BARANG,Perkerasan Blok Beton 20 x 20 x 8 abu-abu 20 Mpa,
21053588,PENGADAAN_BARANG,Belanja Modal Mebel - Kursi siswa dan meja siswa SMP NEGERI 17 DENPASAR,
18486239,JASA_KONSULTANSI_BU_KONSTRUKSI,Pengawasan Pembangunan Gedung A Puspem  Gianyar,
17952864,PENGADAAN_BARANG,Baju olah raga Siswa SMP,
17933057,PENGADAAN_BARANG,Laston Lapis Antara (AC-BC),
21052688,PENGADAAN_BARANG,Larvasida Butiran DBD JENTIKA 1 GR (Temephos 1%) Kemasan Sachet 10 gram,
18352771,PENGADAAN_BARANG,Innova Zenix 2.0 V HV CVT MODELISTA,
17940447,PENGADAAN_BARANG,Laston Lapis Aus (AC-WC),
19763814,PENGADAAN_BARANG,Allengers C-Arm HF59 Digiscan Compact With PB,
18821878,PEKERJAAN_KONSTRUKSI,Pemeliharaan Rutin Jalan di Klungkung Daratan,
17922080,PEKERJAAN_KONSTRUKSI,Peningkatan Jaringan Irigasi Permukaan - Belanja Modal Bangunan Pembawa Irigasi - Peningkatan Saluran Irigasi Subak Padedekan di Kecamatan Abiansemal Kabupaten Badung,
21775778,PENGADAAN_BARANG,Meja Dan Kursi Siswa 07255,
17947920,PENGADAAN_BARANG,Pemasangan Batu Andesit Tebal 3 cm dengan Plat Difabel Stainless Steel bermotif Tebal 5 mm,
17924550,PENGADAAN_BARANG,Laston Lapis Aus (AC-WC),
19766811,PENGADAAN_BARANG,"Lapis Fondasi Agregat Kelas B, Terpasang",
18825073,PENGADAAN_BARANG,Skylift Full Telescopic 12 Meter ( Hino 136 HD ),
17925934,PENGADAAN_BARANG,Belanja Barang untuk Dijual/Diserahkan kepada Masyarakat,
21064131,PENGADAAN_BARANG,Pek. Besi Beton,
17924242,PENGADAAN_BARANG,"Gorong-gorong Kotak Beton Bertulang, ukuran dalam 150 cm x 150 cm, (Precast) K.350, T20 Ton",
21751184,PENGADAAN_BARANG,Poly Aluminium Chloride,
21781685,PEKERJAAN_KONSTRUKSI,Belanja Modal Gudang BPBD Provinsi Bali,
21034237,PENGADAAN_BARANG,Ac 2 PK,
21038997,PENGADAAN_BARANG,Belanja Modal Mesin Proses,
21050600,PENGADAAN_BARANG,Belanja Modal Mesin Proses,
21063609,PENGADAAN_BARANG,Belanja Modal Mesin Proses (Mesin Pencacah),
18491037,PEKERJAAN_KONSTRUKSI,Pengembangan Gedung Kantor Kejati Bali,
21759009,PENGADAAN_BARANG,Kursi Serbaguna (KS01),
21038929,PENGADAAN_BARANG,Belanja Modal Unit Pemeliharaan Lapangan,
17924848,PENGADAAN_BARANG,Perkerasan Batu Andesite Tebal 3 cm,
17950867,PENGADAAN_BARANG,"Saluran U Pracetak Tipe 60x80, T 10 Ton",
18363197,PENGADAAN_BARANG,DRGEM Radiographic Ceiling X-ray,
21755005,JASA_LAINNYA,Belanja Modal Alat Komunikasi Khusus,
21036516,JASA_LAINNYA,Belanja Jasa Outsourcing Tenaga,
21780788,PENGADAAN_BARANG,Excavator,
21055165,PENGADAAN_BARANG,Aspal Emulsi CRS-1/CSS-1H/CSS-1/Tce/Tackcoat,
21765714,PENGADAAN_BARANG,Tenaga Kebersihan,
21776028,PENGADAAN_BARANG,Konsolidasi Paket Pengadaan Barang/Jasa Berupa Printer,
17946103,PENGADAAN_BARANG,"Tutup Pracetak Bermotif (Type UK. 110 x 120 x 15 cm+Ubin Penuntun Difable) , T 10 Ton",
21773668,PENGADAAN_BARANG,Beton Struktur fc25 Mpa,
21053008,PENGADAAN_BARANG,Pek. Acian Dinding Semen Instan,
21043353,PENGADAAN_BARANG,Belanja Bahan-Bahan Bangunan dan Konstruksi (Bahan Material),
17953429,PENGADAAN_BARANG,"Saluran U Pracetak Tipe DS 1 (40x40/120 Precast), T 10 Ton",
18817061,PEKERJAAN_KONSTRUKSI,Penataan Ruang Cathlab,
21064907,PENGADAAN_BARANG,Jasa Cleaning Service dan Kelengkapannya (Team Staff),
18481814,PENGADAAN_BARANG,Leonardo Dual 100,
18486177,PENGADAAN_BARANG,HPV Paket Bundling,
21035230,PENGADAAN_BARANG,Belanja Modal Alat Angkutan Darat Bermotor Lainnya,
21775952,PENGADAAN_BARANG,ZEISS OPTIME Complete VisuMax 500 Combo (Visumax 500 + Mel 90),
21761435,PENGADAAN_BARANG,Mesin Electro Chlorinatio Bluewave Dinosol 275,
19759543,PENGADAAN_BARANG,Produk untuk Dialisis Peritoneal (Dianeal),
18342496,PENGADAAN_BARANG,Belanja Perlengkapan Sekolah (Pengadaan Pakaian Seragam) bagi Peserta Didik dari Keluarga Miskin atau tidak mampu Jenjang Taman Kanak-Kanak di Kabupaten Buleleng Tahun 2025,
18685721,PEKERJAAN_KONSTRUKSI,Rekonstruksi Jalan Ruas Jalan Bungaya-Bebandem,
18480801,PENGADAAN_BARANG,Tenaga Kebersihan,
17942605,PENGADAAN_BARANG,Laston Lapis Aus AC-WC,
18678620,PEKERJAAN_KONSTRUKSI,Rekonstruksi Jalan Ruas Jalan Tianyar Barat - Bubung Lada,
18686110,PEKERJAAN_KONSTRUKSI,Rekonstruksi Jalan Ruas Jalan Tegallinggah-Basung,
18345397,PENGADAAN_BARANG,"Laston Lapis Aus (AC-WC), Terpasang",
18677149,PEKERJAAN_KONSTRUKSI,Rekonstruksi Jalan Ruas Jalan Griana Kauh - Sukaluwih,
18484409,PENGADAAN_BARANG,Laston Lapis Aus (AC-WC) tebal 6 cm,
18680529,PEKERJAAN_KONSTRUKSI,Pemeliharaan Berkala Jalan Ruas Jalan Tangkup - Klungah,
21056883,PENGADAAN_BARANG,Laston Lapis Aus (AC-WC),
18682712,PEKERJAAN_KONSTRUKSI,Rekonstruksi Jalan Ruas Jalan Padang Tunggal - Pr. Taman Sari,
18358678,PEKERJAAN_KONSTRUKSI,Peningkatan Sp4. Jn. Tejakula - Bondalem,
19765721,PENGADAAN_BARANG,"Pekerjaan Lasston Lapis Aus (AC-WC), Terpasang",
17936777,PENGADAAN_BARANG,Pasangan Batu Kali,
21065433,PENGADAAN_BARANG,Pekerjaan Urugan Tanah Pilihan (lime stone) dan Pemadatan,
17930881,PENGADAAN_BARANG,Laston Lapis Aus (AC-WC),
17925781,PENGADAAN_BARANG,Aspal Emulsi Css 1 h,
17943736,PENGADAAN_BARANG,Aspal Emulsi,
18012548,PEKERJAAN_KONSTRUKSI,",Rekonstruksi Jalan  dan Bangunan Pelengkap  Jalan pada Ruas Selati -Tanggahan Talangjiwa",
21776947,PENGADAAN_BARANG,Optical Coherence Tomography Basic with Fundus Camera,
17949655,PENGADAAN_BARANG,Lapis Pondasi Agregat Kelas A,
19759517,PENGADAAN_BARANG,"B. Pekerjaan Lapis Fondasi Agregat Kelas B, Terpasang",
18488961,PENGADAAN_BARANG,Patient Monitor (PG-BN 30),
17921592,PENGADAAN_BARANG,"Tiang Bor Beton, diameter 800 mm",
18485751,PENGADAAN_BARANG,Belanja Bahan-Bahan Lainnya,
17930379,PENGADAAN_BARANG,"Tutup Pracetak bermotif ( UK. 110 x 120 x 15 cm+Ubin Penuntun Difable) , T  10 Ton",
18488794,PEKERJAAN_KONSTRUKSI,Pembangunan RKB pada SDN 1 Taro,
17920676,PENGADAAN_BARANG,Laston Lapis Antara (AC-BC),
21041527,PENGADAAN_BARANG,Saluran U Pracetak Tipe DS 4A (dengan tutup) (Precast),
19762177,PENGADAAN_BARANG,"B. Pekerjaan Laston Lapis Aus (AC-WC), Terpasang",
21764518,PENGADAAN_BARANG,Belanja Reagen,
21782023,JASA_KONSULTANSI_BU_KONSTRUKSI,Penyusunan Basic Design Pembangunan Jalan Baru Sang Hyang Ambu di Kabupaten Karangasem,
18352880,JASA_LAINNYA,Belanja Bahan-Bahan Bakar dan Pelumas (2.11.11.2.01.0012.5.1.02.01.01.0004) PSLB3,
19763385,PENGADAAN_BARANG,Belanja Bahan - Bahan Baku - Bahan Farmasi dan Peralatan Kesehatan,
17924467,PENGADAAN_BARANG,"Gorong-gorong Kotak Beton Bertulang, ukuran dalam 80 cm x 80 cm, (Precast) K.350, T 20 Ton",
21762337,PENGADAAN_BARANG,Belanja Modal Kendaraan Bermotor Angkutan Barang,
18013011,PENGADAAN_BARANG,Belanja Modal Kendaraan Bermotor Angkutan Barang,
21042563,PENGADAAN_BARANG,Laston Lapis Aus (AC-WC),
18014772,PENGADAAN_BARANG,Belanja Modal Personal Computer; Pc All In One;,
18348482,PENGADAAN_BARANG,Laston Lapis Aus (AC-WC),
19760174,PENGADAAN_BARANG,TRIDENT X-VIEW 3D PANORAMIC DR CEPH 3D FOV 11X11 (Fixed),
21763226,PENGADAAN_BARANG,Tiang bor beton diameter 600 mm,
18820325,PENGADAAN_BARANG,Belanja Bahan-Bahan Bakar dan Pelumas Sub. Kegiatan  Koordimasi dan Sinkronisasi Penyediaan Prasaarana dan Sarana Pengelolaan Persampahan,
18342358,PENGADAAN_BARANG,Point 3D Combi 500 (Pano+CBCT) Lite,
17920750,PENGADAAN_BARANG,Pengadaan Precast Terowongan Type U 80.15.30.8 Cm,
17940757,PENGADAAN_BARANG,Belanja Modal Peralatan Studio Video dan Film,
19756023,PENGADAAN_BARANG,Pasangan Batu,
21053709,PENGADAAN_BARANG,Ambulance Gawat Darurat (HC.GD1),
21064727,PEKERJAAN_KONSTRUKSI,Perbaikan Sarana Dan Prasarana Penataan Taman Kumbasari Tukad Badung (Pemulihan Infrastruktur Akibat Bencana Banjir),
21752918,PENGADAAN_BARANG,CIOS Select (II - Neo),
21755456,PENGADAAN_BARANG,Peralatan Praktik Kejuruan - Konsentrasi Keahlian Tata Kecantikan Kulit dan Rambut (DAK) SMKN 1 Tampaksiring,
17943336,PENGADAAN_BARANG,Belanja Barang untuk Dijual/Diserahkan kepada Pihak Ketiga/Pihak Lain,
18821103,PEKERJAAN_KONSTRUKSI,Pemeliharaan Jembatan Lembongan - Ceningan (Jembatan Kuning),
21771198,JASA_LAINNYA,Belanja Jasa Ketersediaan Layanan (Availibility Payment) Infrastruktur Telekomunikasi dan Informatika,
21777245,PENGADAAN_BARANG,Belanja Natura dan Pakan-Natura,
18482698,PENGADAAN_BARANG,"115 SD Dump Sampah 3,5 M3 Senang Jaya Abadi",
17926622,PENGADAAN_BARANG,Lapis Pondasi Agregat Kelas A,
18489160,PENGADAAN_BARANG,"Belanja Makanan dan Minuman pada Fasilitas Pelayanan Urusan Kesehatan-Belanja Makanan dan Minuman Pasien, Belanja Makanan Pegawai Jaga, Medis Paramedis dan Non Paramedis",
21040910,PENGADAAN_BARANG,Laparoscopy MOW with Camera and Monitor,
17925788,JASA_LAINNYA,Belanja Jasa Tenaga Keamanan,
21037330,PENGADAAN_BARANG,2.15.02.2.02.0001 Belanja Modal Instalasi Lain (Pengadaan Rumah Lampu Komplit LED),
18818805,PENGADAAN_BARANG,Solar,
18489828,PEKERJAAN_KONSTRUKSI,"Rehab Ex Kantor Pertanian dan ex Kantor Ketahanan Pangan, Kelautan dan Perikanan lanjutan",
21765534,PENGADAAN_BARANG,Peluru Vaksinasi Dan Eliminasi,
18482695,PEKERJAAN_KONSTRUKSI,Pembangunan Ruang Kelas Baru (RKB) pada SDN 1 Peliatan,
19760179,PENGADAAN_BARANG,Laparoscopy MOW with Camera and Monitor,
21774834,PENGADAAN_BARANG,Belanja Jasa Tenaga Kesenian dan Kebudayaan,
21032803,PENGADAAN_BARANG,Belanja Modal Mesin Proses,
21749736,PENGADAAN_BARANG,Pengadaan Peralatan Praktik Kejuruan - Konsentrasi Keahlian Desain dan Produksi Busana (DAK) SMKN 4 Denpasar,
19766235,PEKERJAAN_KONSTRUKSI,Rekonstruksi Jalan Tegal Ambengan - Jelai,
17940858,PENGADAAN_BARANG,"Saluran berbentuk U Tipe 80/80 x 120 Cm (dengan tutup Pracetak UK. 100 x 120 x 12 cm), T. 10 Ton",
17935668,PENGADAAN_BARANG,"Saluran U Pracetak Tipe DS 3 (60x80x120 Precast), T. 10 Ton",
18491598,PENGADAAN_BARANG,Belanja Modal Mebel,
19760056,PENGADAAN_BARANG,"Pek. Lapis Fondasi Agregat Kelas A, Terpasang",
21043492,PEKERJAAN_KONSTRUKSI,Pembangunan Bangunan Binaan Satpol PP Kota Denpasar,
21762526,PENGADAAN_BARANG,Baja Tulangan sirip BjTS 420A,
21039589,PENGADAAN_BARANG,Frame + Cover Manhole Tipe A - Bintang (precast K.350),
17933729,PENGADAAN_BARANG,"Penanganan sampah melalui pemilahan dan pengolahan sampah di instalasi pengolahan sampah TPS3R, PDU, TPST, TPS, SPA, PSEL/PLTSa, RDF, pusat pengomposan, biodigester, Bank Sampah dan fasilitas lainnya sesuai dengan peraturan perundangan,Belanja Alat/Bahan untuk Kegiatan Kantor-Perlengkapan Dinas",
17940389,JASA_KONSULTANSI_BU_KONSTRUKSI,"Pembangunan Seawall dan Bangunan Pengaman Pantai Lainnya - Belanja Modal Bangunan Pengaman Sungai/Pantai dan Penanggulangan Bencana Alam Lainnya - Penyusunan DED Konservasi Teluk Benoa, Kecamatan Kuta Selatan di Kabupaten Badung",
17941012,PENGADAAN_BARANG,Perkerasan Blok Beton 20x20x8 abu-abu Fc 20 Mpa,
17934801,PENGADAAN_BARANG,Pasang Pipa PVC D 8 Inchi Di Dalam Gorong - Gorong,
21042800,PENGADAAN_BARANG,Total Cholesterol Test Strip,
17942063,PENGADAAN_BARANG,Laston Lapis Aus AC-WC,
17929138,PENGADAAN_BARANG,Kereb Pracetak Peninggi 15x20x50 Fc 18 Mpa,
21032781,PEKERJAAN_KONSTRUKSI,Belanja Pemeliharaan Bangunan Gedung-Bangunan Gedung Tempat Kerja-Bangunan Gedung Kantor,
17947145,PENGADAAN_BARANG,Baja Tulangan siiip BjTS 420 B,
21774883,PENGADAAN_BARANG,Pekerjaan Beton Siklop Fc 15 MPa,
21758610,PENGADAAN_BARANG,Pek. Pemasangan Dinding Bata Merah Press,
17932137,PENGADAAN_BARANG,Viewsonic Proyektor VS16909 + GTC Screen Motorized GTC FJ0507 + Projector Ceiling Bracket,
21057171,PENGADAAN_BARANG,"Beton , fc 15 Mpa",
18480973,JASA_KONSULTANSI_BU_NON_KONSTRUKSI,Belanja Jasa Konsultansi Berorientasi Layanan-Jasa Khusus (Penilaian Individu Objek Pajak PBB-P2),
17929078,PENGADAAN_BARANG,Electric Celebes Bed 3 Motor - 74005 (FBO),
18818116,PENGADAAN_BARANG,Belanja barang dan jasa BLUD berupa Belanja Alat Kesehatan dan Bahan Medis Habis Pakai Farmasi - PL,
18360072,PENGADAAN_BARANG,Belanja Modal Kendaraan Bermotor Angkutan Barang,
18012878,PEKERJAAN_KONSTRUKSI,Rekonstruksi  Jalan dan Bangunan Pelengkap Jalan pada Ruas Jalan Penulisan- Sukawana,
18491133,PENGADAAN_BARANG,Laston Lapis Aus (AC-WC) tebal 6 cm,
17924597,PENGADAAN_BARANG,Lapis Pondasi Agregat Kelas A,
17939589,PENGADAAN_BARANG,"Laston Lapis Antara (AC-BC), Terpasang",
17938693,PENGADAAN_BARANG,Saluran berbentuk U Tipe 40x60x120 (dengan tutup) Precast 10 ton,
21035799,PENGADAAN_BARANG,Saluran berbentuk U Pracetak Tipe DS 2a (dengan tutup),
21037802,PENGADAAN_BARANG,Beton FC 15 Mpa,
17928585,PENGADAAN_BARANG,Veriton Z4 AIO - Core i7 (VZ4/0055),
17949223,PENGADAAN_BARANG,Laston Lapis Aus (AC-WC),
18490261,PENGADAAN_BARANG,Belanja Pakaian Olahraga,
21756067,PENGADAAN_BARANG,Belanja Bahan-Bahan Lainnya ( Penunjang Medik),
21046473,PENGADAAN_BARANG,"Pek. Pas. Lantai Keramik Polished Glossy 60 x 60 cm, Homogenus",
17929014,JASA_KONSULTANSI_BU_KONSTRUKSI,Belanja Jasa Konsultansi Lainnya-Jasa Konsultansi Lingkungan - Penyusunan Dokumen Lingkungan Kawasan Pusat Pemerintahan Kabupaten Badung,
21761951,JASA_LAINNYA,Kewajiban Belanja Pemeliharaan Peralatan dan Mesin Tahun 2024,
17948274,PENGADAAN_BARANG,Saluran berbentuk U Tipe DS 3 (60x80/120),
21764497,PEKERJAAN_KONSTRUKSI,Perkerasan Bahu Jalan pada Ruas Jalan Provinsi PENULISAN - BELANDINGAN - SONGAN,
18818423,PEKERJAAN_KONSTRUKSI,Pemeliharaan Berkala Jalan Sakti - Penida,
17927593,PENGADAAN_BARANG,Pasangan Batu,
17941732,PENGADAAN_BARANG,Pek. Pembesian dia lebih besar sama dengan dari  12 mm,
21047253,PENGADAAN_BARANG,Pek. Penulangan Besi Ulir/Bjts Diameter Lebih dari atau sama dengan 12 Mm,
17920928,PENGADAAN_BARANG,Lapis Pondasi Agregat Kelas A,
21046353,PENGADAAN_BARANG,Lapis Pondasi Agregat Kelas A,
21058200,PENGADAAN_BARANG,Laston Lapis Aus (AC-WC),
18490305,PEKERJAAN_KONSTRUKSI,"Pembangunan, Rehabilitasi Ruang Kelas dan Fasilitas penunjang pada SDN 4 Melinggih",
21754381,PENGADAAN_BARANG,Pasangan Batu,
18603901,PEKERJAAN_KONSTRUKSI,Penataan Halaman Gedung Kesenian Ir. Soekarno,
18609702,PENGADAAN_BARANG,Belanja Modal Kendaraan Bermotor Angkutan Barang,
21776194,PENGADAAN_BARANG,"Lapis Pondasi Agregat Kelas A, Terpasang",
18486588,PENGADAAN_BARANG,Celebes Electric Bed 3 Motor - 74105 (FBO-MA102),
18482780,PENGADAAN_BARANG,Belanja Bahan-Bahan Lainnya,
17942689,PENGADAAN_BARANG,Laston Lapis Aus (AC-WC),
21058781,PENGADAAN_BARANG,Laston Lapis Aus (AC-WC),
21047084,PENGADAAN_BARANG,Frame + Cover Manhole Tipe A Bintang Besar (Precast Fc 30) T  10 Ton,
21029289,PENGADAAN_BARANG,Laston Lapis Aus (Ac-WC),
17923019,PENGADAAN_BARANG,Laston Lapis Aus (AC-WC),
18485961,PENGADAAN_BARANG,Saluran Siklop berbentuk U,
18014584,PEKERJAAN_KONSTRUKSI,Rekonstruksi Jalan Kayubihi - Pucangan,
17950065,PENGADAAN_BARANG,Belanja Pakaian Olahraga,
21042227,PENGADAAN_BARANG,"Belanja Hibah Barang kepada Badan dan Lembaga Nirlaba, Sukarela BersifatSosial Kemasyarakatan (DINAS KEBUDAYAAN KOTA DENPASAR)",
18606679,PENGADAAN_BARANG,Belanja Pemeliharaan Jaringan-Jaringan Listrik-Jaringan Listrik Lainnya,
17925776,PENGADAAN_BARANG,Belanja Barang untuk Dijual/Diserahkan kepada Masyarakat,
18012165,PENGADAAN_BARANG,Pengadaan Kendaraan Dinas Bermotor Perorangan - Mobil Dinas KDH,
17925170,PENGADAAN_BARANG,"Pembuatan s.d Pengecoran 1 m3 beton mutu rendah fc 15 MPa slump (100.25) mm, agregat maksimal 19 mm secara Semi-Mekanis",
17933310,PENGADAAN_BARANG,Jasa Sewa Kendaraan Roda 4,
19765434,PENGADAAN_BARANG,VITEK 2 COMPACT 60 and Accessories,
21756511,PENGADAAN_BARANG,Aluminium Sulfat Granular,
17930483,PENGADAAN_BARANG,Laston Lapis AUS AC-WC,
19758514,PENGADAAN_BARANG,Pemasangan 1 M2 bekisting untuk plat lantai,
18011538,PEKERJAAN_KONSTRUKSI,Jalan Susut - Selat Peken Dan  Sala - Pura Dalem,
21049500,PEKERJAAN_KONSTRUKSI,Peningkatan Jalan Lingkungan di Kelurahan Sanur,
21773324,JASA_LAINNYA,Belanja Sewa Alat kantor Lainnya,
17922474,PENGADAAN_BARANG,Kabel Feeder FRC 4 x 150 mm2,
18678388,PENGADAAN_BARANG,"Beton Siklop, fc 15 Mpa",
21046205,PENGADAAN_BARANG,Pengadaan Dan Pemasangan Media Link Komunikasi Fiber Optic Tanpa Tiang Penyangga,
17920818,PENGADAAN_BARANG,Pengadaan Perlengkapan Sekolah - Belanja Modal Bahan Perpustakaan Tercetak Lainnya,
17945210,PENGADAAN_BARANG,Belanja Bahan-Bahan / Bibit Tanaman,
17939171,PENGADAAN_BARANG,Pengadaan Precast Terowongan Type Penutup 1/2 Dia Rad R 40 - 30 cm,
18013612,PEKERJAAN_KONSTRUKSI,"Rekonstruksi Dan Pelebaran Rabat Beton Jalan Pengotan - Penyebeh , Jalan Tamanbali - Guliang Kangin, Dan Jalan Bangkiangsidem-Pedukuhan",
19760000,PENGADAAN_BARANG,Tenaga Kebersihan Kliner Senior Paket Tanpa Seragam,
21057101,PENGADAAN_BARANG,Belanja Bahan-Bahan Bakar,
21060411,PENGADAAN_BARANG,Pek. Penulangan Besi Ulir/Bjts Diameter lebih dari sama dengan 12 Mm,
21051147,PENGADAAN_BARANG,Lapis Pondasi Agregat Kelas A,
21754071,JASA_LAINNYA,Belanja Sewa Peralatan Komputer Lainnya (Sewa  proyektor/OHP/Infocus/LCD/HDTV),
17945081,PEKERJAAN_KONSTRUKSI,"Belanja Barang untuk Dijual/Diserahkan kepada Masyarakat, Peningkatan Jalan Usaha Tani Subak Liplip",
19756941,PENGADAAN_BARANG,Oksigen Cair,
21032272,PENGADAAN_BARANG,"Pek. Pas. Plafond Gypsum Board Uk. 1200x2400x9 mm, Rangka Hollow",
17943689,PENGADAAN_BARANG,"Tutup Pracetak Bermotif Tipe UK 110x120x15 cm Ubin Penutup Difable, T-10 Ton",
18484298,PEKERJAAN_KONSTRUKSI,Pembangunan Ruang Kelas Baru (RKB) dan Fasilitas Penunjang pada SDN 3 Ketewel,
18344704,JASA_LAINNYA,Belanja Jasa Pengolahan Sampah,
18490711,PENGADAAN_BARANG,Belanja Pakaian Olahraga,
21036437,PEKERJAAN_KONSTRUKSI,Belanja Modal Taman,
21061221,PENGADAAN_BARANG,"Frame + Cover Manhole Tipe A - Bintang Besar (precast Fc.30),  T 10 ton",
17935622,PENGADAAN_BARANG,Laston Lapis Aus (AC-WC),
21778527,PENGADAAN_BARANG,KOnsentrasi Keahlian Teknik Audio Vidio (DAK) SMKN 1 Kuta Selatan,
21031644,PENGADAAN_BARANG,Gibrik 30 TPD,
21777444,JASA_KONSULTANSI_BU_NON_KONSTRUKSI,"Belanja Jasa yang Diberikan kepada Pihak Ketiga/Pihak Lain, Spesifikasi Manajemen Pengawasan Layanan Trans Metro Dewata",
18011973,PEKERJAAN_KONSTRUKSI,"Pembangunan Drainase Jalan Penelokan - Batur, Dan DPT Jalan Batur - Bubung Kelambu",
18484417,PENGADAAN_BARANG,Toilet Attendant,
18359603,PENGADAAN_BARANG,Zenix 2.0 Q HV CVT TSS Modelista,
17938224,PEKERJAAN_KONSTRUKSI,"Belanja Modal Bangunan Gedung Kantor - Penataan Ruangan Inspektorat,Belanja Modal Bangunan Gedung Kantor - Penataan Ruang Inspektorat",
17926579,PENGADAAN_BARANG,Laston Lapis Aus (AC-WC),
17946381,PENGADAAN_BARANG,Laston Lapis Aus (AC-WC),
18481323,PENGADAAN_BARANG,Laston Lapis Aus (AC-WC) tebal 6 cm,
17943062,PENGADAAN_BARANG,Battery Charger BC-920,
21044697,PENGADAAN_BARANG,"Frame + Cover Manhole Tipe A  Bintang Besar (precast Fc.30),  T10 ton",
18685782,PEKERJAAN_KONSTRUKSI,Konstruksi Pembangunan Gedung Kantor Gudang Barang Bukti Polres Karangasem,
21047930,PENGADAAN_BARANG,"Beton , fc 15 Mpa",
21040797,PENGADAAN_BARANG,Paving stone Uk. 20x20x8 cm (Natural) K.225,
21052871,PENGADAAN_BARANG,Pekerjaan Pasangan Paving tebal 8 cm K-225,
17944827,PENGADAAN_BARANG,Belanja Modal Alat Komunikasi Radio VHF,
21776763,PENGADAAN_BARANG,Pekerjaan Beton Mutu Rendah fc 15 MPa,
18346466,PENGADAAN_BARANG,Belanja Modal Jaringan Listrik Lainnya (Pemasangan LPJU Tenaga Surya Aksesoris Ukiran),
21038027,PENGADAAN_BARANG,Paping Natural 20x20cm T. 8 Cm,
17926643,PENGADAAN_BARANG,Jasa Outsourcing Tenaga IT Programmer,
21053936,PENGADAAN_BARANG,Belanja Modal Kendaraan Bermotor Penumpang,
21782180,PENGADAAN_BARANG,Kewajiban Belanja BMHP tahun 2024 (Pengadaan Langsung),
21770644,PENGADAAN_BARANG,Pengadaan dan Pemasangan Precast U Ditch 80.80.120 Gandar 12 Ton,
17928572,PENGADAAN_BARANG,Ventilator Triton MV200 Basic,
18490154,PEKERJAAN_KONSTRUKSI,"Pembangunan Ruang Kelas Baru dan Fasilitas Penunjang TK Negeri Hindu Kumara Wiyata Manukaya, Pembangunan Area Bermain dan Perabotannya, serta Penataan Halaman TK Negeri Hindu Kumara Wiyata Manukaya",
17927496,PENGADAAN_BARANG,Perkerasan Blok Beton pada Trotoar dan Median,
19763748,PENGADAAN_BARANG,Tenaga Kebersihan,
17926145,JASA_LAINNYA,"Belanja Jasa Iklan/Reklame, Film, dan Pemotretan Sub Kegiatan Penyusunan Konten Media Publik Bidang Pengelolaan Informasi Publik",
18491777,PENGADAAN_BARANG,Belanja Bahan-Bahan Lainnya,
17934239,PENGADAAN_BARANG,"Saluran berbentuk U Tipe DS1, Uk. 40x60x120 dengan tutup (Precast) T 10 Ton",
18485733,PENGADAAN_BARANG,Pengadaan Buku Pendidikan dan Pembinaan Ideologi Pancasila untuk Siswa SMP,
17929507,PENGADAAN_BARANG,Pengadaan Peralatan dan Mesin Lainnya,
17938881,PENGADAAN_BARANG,"LED Screen P1,86 Indoor Magnetic dengan ukuran 288x576 cm",
17928892,PENGADAAN_BARANG,"Hijauan pakan ternak sapi (rmput raja/gajah, jerami jagung, jerami padi dll)",
18346599,PENGADAAN_BARANG,Belanja Modal Kendaraan Bermotor Khusus,
17926743,PENGADAAN_BARANG,"Beton Siklop, fc15 Mpa",
21034391,PEKERJAAN_KONSTRUKSI,Satuan Biaya Pemeliharaan Gedung Atau Bangunan Dalam Negeri Sekolah Dasar (Perubahan),
17950161,PEKERJAAN_KONSTRUKSI,Peningkatan Jaringan Irigasi Permukaan - Belanja Modal Bangunan Pembawa Irigasi - Peningkatan Saluran Irigasi Subak Batan Badung D.I Batan Badung di Desa Gulingan Kecamatan Mengwi Kabupaten,
18481772,PEKERJAAN_KONSTRUKSI,Pembangunan Ruang Kelas Baru (RKB) dan Fasilitas Penunjang pada SDN 2 Belega,
21768502,PENGADAAN_BARANG,Pemasangan Fondasi Batu Belah Mortar Manual,
18480431,PEKERJAAN_KONSTRUKSI,Penataan Simpang Banjar Kalah - Ubud,
18819722,PEKERJAAN_KONSTRUKSI,Belanja Barang dan Jasa BLUD berupa Belanja Pemeliharaan Bangunan Kesehatan,
21033405,JASA_LAINNYA,Belanja Sewa Bangunan Gedung Tempat Tinggal Lainnya,
18486658,PENGADAAN_BARANG,Belanja Modal Kendaraan Bermotor Angkutan Barang,
17928290,PENGADAAN_BARANG,Saluran berbentuk U Tipe 40x60x120 cm (dengan tutup),
21041925,PENGADAAN_BARANG,buldozer d3,
18822627,PEKERJAAN_KONSTRUKSI,Pemeliharaan Berkala Jalan Getakan - Bakas,
17944393,PENGADAAN_BARANG,Laston Lapis Aus (AC-WC),
17952967,PENGADAAN_BARANG,Belanja Bahan-Bahan Kimia,
18480649,PENGADAAN_BARANG,Belanja Bahan-Bahan Lainnya,
21042648,PEKERJAAN_KONSTRUKSI,Peningkatan Jalan Lingkungan di Kelurahan Sesetan,
17926728,JASA_LAINNYA,Sewa kendaraan,
18012827,PENGADAAN_BARANG,Belanja Modal Kendaraan Bermotor Khusus_Mobil UTD/ Mobil Donor darah,
18820107,PENGADAAN_BARANG,Truck Sampah,
18686177,PENGADAAN_BARANG,Penyediaan Alat Angkut Sampah Dum Truck,
17927507,PENGADAAN_BARANG,Kereb Pracetak Peninggi 15x20x50 fc 18 Mpa,
21750201,PENGADAAN_BARANG,Perbaikan Campuran Aspal Panas,
21047070,PENGADAAN_BARANG,Belanja Farmasi Laboratorium,
18487350,JASA_KONSULTANSI_BU_KONSTRUKSI,Pengawasan Pembangunan Gedung PJT RSUD Sanjiwani Gianyar,
21048146,PENGADAAN_BARANG,Beton fc 15 MPa,
17948798,PENGADAAN_BARANG,Pekerjaan Pasangan Pembesian Tulangan D (1),
21772316,PENGADAAN_BARANG,"Tiang Bor Beton, diameter 600 mm",
17929487,PENGADAAN_BARANG,Lapis Pondasi Agregat Kelas A,
19764022,PENGADAAN_BARANG,Ruksolitinib tab 15 mg,
18612748,PENGADAAN_BARANG,Beton fc 15 Mpa ( Terpasang ),
18820193,PEKERJAAN_KONSTRUKSI,Pembangunan Gedung Cytotoxic,
21044271,PENGADAAN_BARANG,2.15.02.2.05.0001 Belanja Modal Alat Bengkel Bermesin Lainnya,
21050244,PEKERJAAN_KONSTRUKSI,Peningkatan Jalan Lingkungan di Desa Peguyangan Kangin,
18345778,PENGADAAN_BARANG,"Pek.Pasangan Batu Dengan Mortar Tipe N (1PC : 4 PP), untuk Beda Tinggi lebih dari 0 s.d. 1 m",
21057835,PEKERJAAN_KONSTRUKSI,Peningkatan Jalan Lingkungan di Kelurahan Padangsambian,
21750231,JASA_LAINNYA,Tambahan Anggaran untuk Sesajen Upacara Yasa Kerthi (Kerahayuan Jagat),
21055300,PENGADAAN_BARANG,Belanja Modal Alat Angkutan Darat Bermotor Lainnya,
19768386,PENGADAAN_BARANG,Pembesian Ulir,
21040507,PENGADAAN_BARANG,Belanja Modal kendaraan Bermotor Penumpang,
18491667,PENGADAAN_BARANG,Excavator,
21043898,PENGADAAN_BARANG,Pelaksana - Jasa Tenaga Keamanan,
21057310,PEKERJAAN_KONSTRUKSI,Peningkatan Jalan Lingkungan di Kelurahan Panjer,
17945496,PEKERJAAN_KONSTRUKSI,Peningkatan Jaringan Irigasi Permukaan - Belanja Modal Bangunan Pembawa Irigasi - Peningkatan Saluran Irigasi Subak Lepud di Banjar Pengabetan di Desa Baha Kecamatan Mengwi,
18487221,PENGADAAN_BARANG,Paket Data Mobile Internet Nasional BKKBN,
21778050,PENGADAAN_BARANG,Belanja Modal Excavator,
21758070,PENGADAAN_BARANG,"Beton struktur, Fc 20 Mpa",
17926648,PENGADAAN_BARANG,GENEXPERT Xpert MTB/RIF Ultra Assay Kit,
18484592,PEKERJAAN_KONSTRUKSI,Peningkatan Jalan Lingkungan Desa Batubulan,
17925645,PENGADAAN_BARANG,"Tutup Pracetak Bermotif (Type UK. 80 x 120 x 15 cm+Ubin Penuntun Difable) , T 10 Ton",
18480837,PENGADAAN_BARANG,Diesel Generator Set Weifang Engine Kapasitas 500 Kva/400 KW Silent Type C/W Instalasi,
21043601,PEKERJAAN_KONSTRUKSI,Peningkatan Jalan Lingkungan di Desa Peguyangan Kangin,
17920487,PENGADAAN_BARANG,Laston Lapis Aus (AC-WC),
17939868,PENGADAAN_BARANG,Meja Siswa  VRO-SMP17,
17949833,PENGADAAN_BARANG,Perkerasan Blok Beton 20x20x8 abu-abu Fc 20 Mpa,
18602219,PENGADAAN_BARANG,Lapis Pondasi Agregat Kelas A ( Terpasang ),
18483113,PENGADAAN_BARANG,Saluran  Siklop berbentuk U,
17942737,PENGADAAN_BARANG,Laston Lapis Aus AC-WC,
17936676,PENGADAAN_BARANG,Lapis Pondasi Agregat Kelas A,
21030041,PEKERJAAN_KONSTRUKSI,Belanja Pemeliharaan Bangunan Gedung-Bangunan Gedung Tempat Kerja-Bangunan Gedung Kantor,
17944454,PENGADAAN_BARANG,"Gorong-gorong Kotak Beton Bertulang, ukuran dalam 100 cm x 100 cm",
21765244,PEKERJAAN_KONSTRUKSI,",Pemeliharaan Berkala Jalan pada Ruas Jalan Provinsi JLN. SETIABUDI - WAHIDIN (DPS)",
21055661,PEKERJAAN_KONSTRUKSI,Peningkatan Jalan Lingkungan di Kelurahan Padangsambian,
18344301,PENGADAAN_BARANG,"Belanja Bahan-Bahan Kimia_Pengadaan Obat, Bahan Habis Pakai, Bahan Medis Habis Pakai,, Vaksin, Makanan dan Minuman di Fasilitas Kesehatan_dinkes",
17933482,PEKERJAAN_KONSTRUKSI,Belanja Modal Taman Belanja Modal Landskip dan Taman Depan,
17931124,PENGADAAN_BARANG,Laston Lapis Aus (AC-WC),
21031423,PENGADAAN_BARANG,Belanja Modal Kendaraan  Bermotor Angkutan Barang,
18602452,PENGADAAN_BARANG,Perbaikan Campuran Aspal Panas,
21029607,PENGADAAN_BARANG,"6. Pek. Paving Block Natural 20 x 20cm, T8cm, K.225",
19755601,PENGADAAN_BARANG,"Pekerjaan Lapis Pondassi Agregat Kelas A, Terpasang",
17951864,PENGADAAN_BARANG,Lapis Pondasi Agregat Kelas A,
21755176,PEKERJAAN_KONSTRUKSI,Perkerasan Bahu Jalan pada Ruas Jalan Provinsi PENULISAN - BELANDINGAN - SONGAN,
18012008,JASA_LAINNYA,Belanja Tagihan Listrik,
17931229,PENGADAAN_BARANG,Satpam Pelaksana,
21059070,PEKERJAAN_KONSTRUKSI,Peningkatan Jalan Lingkungan di Kelurahan Panjer,
18352447,PENGADAAN_BARANG,Belanja Pemeliharaan Alat Kedokteran dan Kesehatan-Alat Kedokteran-Alat Kedokteran Lainnya,
21030624,PENGADAAN_BARANG,"2.15.02.2.02.0002 Belanja Alat/Bahan untuk Kegiatan Kantor-Alat Listrik (Rumah lampu Komplit LED 60 W, Rumah lampu Komplit LED 90 W)",
17942839,PENGADAAN_BARANG,"Penanganan sampah melalui pemilahan dan pengolahan sampah di instalasi pengolahan sampah TPS3R, PDU, TPST, TPS, SPA, PSEL/PLTSa, RDF, pusat pengomposan, biodigester, Bank Sampah dan fasilitas lainnya sesuai dengan peraturan perundangan,Belanja Alat/Bahan untuk Kegiatan Kantor-Alat/Bahan untuk Kegiatan Kantor Lainnya",
19758311,PENGADAAN_BARANG,Aspal Emulsi CRS-1,
21053666,PENGADAAN_BARANG,Internet 2000 Mbps international Denpasar,
19766302,PENGADAAN_BARANG,Paket Hemodialisa Dewasa Lengkap Elisio 15H,
21772206,JASA_LAINNYA,Belanja Modal Jaringan Listrik Lainnya berupa Belanja Modal Jaringan Gedung Diklat,
21056025,PENGADAAN_BARANG,Pek. Tulangan Besi Ulir diatas diameter 12 mm,
17937154,PENGADAAN_BARANG,Aplikasi Web Service Pajak Daerah,
19768281,PENGADAAN_BARANG,Pek. Beton Struktur Fc 20 Mpa,
18683099,PENGADAAN_BARANG,Biznet Dedicated Internet Internasional Fo 800 MBPS,
17953101,PENGADAAN_BARANG,"Saluran berbentuk U Tipe DS 1 (40x60/120 Precast), T  10 ton",
21060083,PENGADAAN_BARANG,2.15.02.2.02.0002 Belanja Alat/Bahan untuk Kegiatan Kantor-Alat Listrik ( Rumah lampu Komplit LED 60 W),
21062841,PENGADAAN_BARANG,Beton struktur fc 15 Mpa,
19758764,PENGADAAN_BARANG,Pemasangan 1m2 Bata press Style Bali,
18347588,PENGADAAN_BARANG,"Laston Lapis Aus (AC-WC), Terpasang",
21769307,PENGADAAN_BARANG,Konsolidasi Tahap II Paket Pengadaan Barang/Jasa Berupa Printer,
18014714,PEKERJAAN_KONSTRUKSI,Rekonstruksi Jalan Serai - Subak Mertasari,
17942973,PENGADAAN_BARANG,Belanja Modal Peralatan Olahraga Lainnya,
17940679,PENGADAAN_BARANG,Perkerasan Blok Beton 20x20x8 abu-abu Fc 20 Mpa,
18014887,PEKERJAAN_KONSTRUKSI,Rekonstruksi  Jalan  Demulih - Sala & Lingkar  Ekowisata Bukit  Demulih,
17952172,PEKERJAAN_KONSTRUKSI,Rehabilitasi Jaringan Irigasi Permukaan - Belanja Modal Bangunan Pembawa Irigasi - Rehabilitasi Jaringan Irigasi Subak Bergiding D.I Buangga Desa Pangsan Kecamatan Petang,
21766148,PENGADAAN_BARANG,Belanja Reagen,
18483930,PEKERJAAN_KONSTRUKSI,Penataan Simpang Tebongkang,
21035350,PEKERJAAN_KONSTRUKSI,Rekonstruksi Jalan Kawasan Jalan Pura Banyu Kuning I di Kec. Denpasar Barat,
19768033,PENGADAAN_BARANG,Laston Lapis Aus (AC-WC),
17949119,PENGADAAN_BARANG,Pek. Plafon UPVC polos,
17933384,PENGADAAN_BARANG,Penyediaan Unit Pracetak Gelagar Tipe I Bentang 20 meter,
21056446,PENGADAAN_BARANG,"Frame + Cover Manhole Tipe A - Bintang Besar (precast Fc.30),  T 10 ton",
18015147,PEKERJAAN_KONSTRUKSI,Belanja Modal Bangunan Gedung Tempat Olahraga (Penataan dan Pembangunan Bangli Sport Center Tahap II Di Kabupaten Bangli),
17926307,PENGADAAN_BARANG,Perkerasan Blok Beton 20x20x8 abu-abu Fc 20 Mpa,
19755812,PENGADAAN_BARANG,LITHOBOX ZERO dengan Trolley,
21769596,PENGADAAN_BARANG,Pembesian Ulir,
18480585,PENGADAAN_BARANG,Lapis Pondasi Agregat Kelas A,
18488096,PENGADAAN_BARANG,Laston Lapis Aus (AC-WC) tebal 6 cm,
21752386,PENGADAAN_BARANG,Beton struktur fc 20 Mpa,
18358588,PENGADAAN_BARANG,Savina 300 Ventilator Standar,
18485211,PEKERJAAN_KONSTRUKSI,Pembangunan Gedung Laboratorium Komputer pada SMPN 2 Gianyar,
21771808,JASA_LAINNYA,Belanja Pemeliharaan Peralatan dan Mesin,
18820574,JASA_LAINNYA,Belanja Barang dan Jasa BLUD Belanja Pemeliharaan Alat Kedokteran dan Kesehatan - PL,
21030046,PEKERJAAN_KONSTRUKSI,Rekonstruksi Jalan Jaya Pangus   di Kec. Denpasar Utara,
21044531,PENGADAAN_BARANG,Pek. Tulangan Besi Ulir (U39) lebih besar dari12 mm,
21758846,PENGADAAN_BARANG,Lapis Pondasi Agregat Kelas A,
21058741,PEKERJAAN_KONSTRUKSI,Peningkatan Jalan Lingkungan di Kelurahan Sanur,
21045456,PENGADAAN_BARANG,sewa excavator pc 220-9,
21060031,PENGADAAN_BARANG,2.15.02.2.02.0001 Belanja Modal Instalasi Lain (Pengadaan Pemasangan Lampu Penerangan Jalan Umum dan jalan - Jalan Strategis Termasuk Lampu Prasarana Sosial Lainnya),
17943179,PENGADAAN_BARANG,Kereb Pracetak Peninggi 15x20x50 Fc 18 Mpa,
17923738,PENGADAAN_BARANG,Laston Lapis Antara (AC-BC),
17934929,PENGADAAN_BARANG,Lapis Pondasi Agregat A,
21048227,PENGADAAN_BARANG,Pek. Penulangan Besi Ulir/Bjts Diameter  lebih besar 12 Mm,
18819356,PEKERJAAN_KONSTRUKSI,Pemeliharaan Berkala Jalan Toyapakeh - Sebunibus,
21780093,JASA_LAINNYA,Belanja Jasa Tenaga Kebersihan,
17941933,PENGADAAN_BARANG,Belanja Modal Rambu Bersuar,
17936294,PENGADAAN_BARANG,Laston Lapis Aus (AC-WC),
21781642,PENGADAAN_BARANG,Jasa Eo Festival Besar,
21765253,JASA_LAINNYA,",Belanja Asuransi Barang Milik Daerah",
19762363,PENGADAAN_BARANG,Paket Hemodialisa Dewasa Lengkap Elisio 15H,
19762379,PENGADAAN_BARANG,Paket Hemodialisa Dewasa Lengkap Elisio 15H,
21055638,PENGADAAN_BARANG,",Belanja Makanan dan Minuman Pasien",
17935238,PENGADAAN_BARANG,Laston Lapis Antara (AC-BC),
18677097,JASA_LAINNYA,Belanja Kawat/Faksimili/Internet/TV Berlangganan,
17947323,PEKERJAAN_KONSTRUKSI,",Belanja Modal Bangunan Gedung Tempat Ibadah - Rehab Bale Gong dan Pembangunan Bale Pudaksari Alit di Pura Lingga Bhuana Pusat Pemerintahan Kabupaten Badung",
17923849,PENGADAAN_BARANG,Laston Lapis Aus (AC-WC),
21044022,PENGADAAN_BARANG,Belanja Alat/Bahan untuk Kegiatan Kantor- Perlengkapan Pendukung Olahraga,
21036145,JASA_LAINNYA,Belanja Perjalanan Dinas Biasa,
21056007,JASA_LAINNYA,Belanja Tagihan Listrik,
17945374,PENGADAAN_BARANG,"Gorong-gorong DoubleU-Box, ukuran dalam 200 x 200 cm T20 ton K 350(Precast)",
19768996,PENGADAAN_BARANG,Pemasangan 1 M3 Fondasi Batu Belah campuran 1 SP : 6 PP. cara semi mekanis,
21054858,PENGADAAN_BARANG,Farmasi B Pengadaan Langsung,
18607429,PEKERJAAN_KONSTRUKSI,Rehabilitasi ruang kelas SDN 3 Asahduren,
21767379,PENGADAAN_BARANG,Konsolidasi Tahap II Paket Pengadaan Barang/Jasa Berupa PC,
21774738,PEKERJAAN_KONSTRUKSI,",Belanja Modal Pemeliharaan Ruangan Rumah Sakit",
21056279,PENGADAAN_BARANG,Belanja Modal Personal Computer,
18343835,PENGADAAN_BARANG,"Perbaikan Lapis Fondasi Agregat Kelas A, Terpasang",
18822749,JASA_LAINNYA,Belanja Barang dan Jasa BLUD berupa Belanja Jasa Pengolahan Sampah,
17924708,PENGADAAN_BARANG,Laston Lapis Antara (AC-BC),
21760444,JASA_LAINNYA,Belanja Modal Jaringan Listrik Lainnya,
19768485,PENGADAAN_BARANG,Beton Struktur Fc 20 MPa,
18487925,PENGADAAN_BARANG,BT Power Multifunction Drill and Saw Seriies,
17926300,PENGADAAN_BARANG,"Pembuatan s.d Pengecoran 1 m3 beton mutu rendah fc 15 MPa slump (100+-25) mm, agregat maksimal 19 mm secara Semi-Mekanis (K175)",
19768404,PENGADAAN_BARANG,Jasa Kebersihaan Pelaksana tanpa bahan dan alat,
21753471,PENGADAAN_BARANG,Belanja Modal Electric Generating Set,
21764978,JASA_LAINNYA,Belanja Sewa Peralatan Studio Audio,
17941687,PENGADAAN_BARANG,Perkerasan Blok Beton 20x20x8 abu-abu Fc 20/K250 Mpa,
17946514,PENGADAAN_BARANG,Pekerjaan Laston Lapis Aus (AC-WC) tebal 5 cm,
18484161,JASA_KONSULTANSI_BU_KONSTRUKSI,Pengawasan Pembangunan Gedung DPRD Kabupaten Gianyar,
17923068,PENGADAAN_BARANG,Lapis Pondasi Agregat Kelas B,
21768729,PENGADAAN_BARANG,Bulldozer 03,
17927042,PENGADAAN_BARANG,Lampu LED 220-240V  Tiang & Instalasi,
21038625,PEKERJAAN_KONSTRUKSI,Peningkatan Jalan Lingkungan di Kelurahan Tonja,
21065109,PEKERJAAN_KONSTRUKSI,Peningkatan Jalan Lingkungan di Kelurahan Panjer,
17923110,PENGADAAN_BARANG,Glucose Test Strip,
21046033,PENGADAAN_BARANG,"SUMUR KOMPOSTER TANPA MEJA, Tri Manunggal",
17951417,PENGADAAN_BARANG,"Tutup Pracetak bermotif (tipe UK. 80 x 120 x 15 cm+Ubin Penuntun Difable) , T . 10 Ton",
18612091,PENGADAAN_BARANG,Biznet Dedicated Internet Internasional Fo 800 MBPS,
21065160,JASA_LAINNYA,Belanja Bimbingan Teknis,
21770726,PENGADAAN_BARANG,Aspal Emulsi Css 1 h,
18480785,PENGADAAN_BARANG,Belanja Modal Mebel,
19762399,PENGADAAN_BARANG,"Laston Lapis Aus (AC-WC), Terpasang",
18482766,PENGADAAN_BARANG,Pengadaan Lampu Kawasan Gor,
17952875,PENGADAAN_BARANG,Lapis Pondasi Agregat Kelas B,
21752591,JASA_LAINNYA,Belanja Sewa Peralatan Studio Audio,
17948570,PENGADAAN_BARANG,Timbunan pilihan dari sumber galian,
17938195,PENGADAAN_BARANG,Kereb Pracetak Peninggi 15x20x50 fc 18 Mpa,
21060736,PENGADAAN_BARANG,"Beton Sikloop 60% Beton fc 15 Mpa : 40% Batu Belah, secara semi-Mekanis untuk Volume lebih dari 200 m3",
19759636,PENGADAAN_BARANG,Paket Hemodialisa Dewasa Lengkap Elisio 15H,
19760984,PENGADAAN_BARANG,Paket Hemodialisa Dewasa Lengkap Elisio 15H,
19759794,PENGADAAN_BARANG,HPV Paket Bundling,
17934257,PENGADAAN_BARANG,"Saluran berbentuk U 60/80x120 Cm (dengan tutup Precast UK.76 x 120 x 12 cm), T 10 Ton",
18820992,PEKERJAAN_KONSTRUKSI,Pemeliharaan Berkala Jalan Dusun Dungkap menuju Desa Batukandik (Banjar Buluh),
17921745,PENGADAAN_BARANG,"Tiang Bor Beton, diameter 800 mm",
17945449,PENGADAAN_BARANG,Kereb Pracetak Peninggi 15x20x50 Fc 18 Mpa,
21764659,PENGADAAN_BARANG,"Pekerjaan Tulangan Untuk Balok, Kolom, Sloof, Pile Cap, dan Tangga Untuk Tulangan Ulir Diameter lebih dari 12 mm",
21041265,PENGADAAN_BARANG,Pemasangan 1 m3 pondasi batu belah campuran 1SP : 6PP,
19761596,PENGADAAN_BARANG,"DEYMED EEG 32 Channel With Brain  Mapping Neuroguide, Video EEG & Neurofeedback",
17947077,PENGADAAN_BARANG,CerviScan HPVhr Bundling Kit (Paket Kit HPV + LBC + Ektraksi + BMHP),
17934117,PENGADAAN_BARANG,Belanja Modal Personal Computer,
18488727,PEKERJAAN_KONSTRUKSI,Belanja Pemeliharaan Rutin Jalan Kabupaten di Kec. Ubud I,
18015204,PEKERJAAN_KONSTRUKSI,Rekonstruksi Jalan dan Bangunan Pelengkap Jalan pada Ruas jalan Penglipuran - Tirta Dedari,
17950952,PENGADAAN_BARANG,Saluran berbentuk U Tipe 40x60x120 (dengan tutup),
17928310,PENGADAAN_BARANG,Perkerasan Blok Beton 20x20x8 abu-abu Fc. 20 Mpa,
18486236,PENGADAAN_BARANG,Pasangan Batu,
18676901,PENGADAAN_BARANG,"Belanja Hibah Barang kepada Badan dan Lembaga Nirlaba, Sukarela dan Sosial yang Telah Memiliki Surat Keterangan Terdaftar",
19761927,PENGADAAN_BARANG,AXCENT Anesthesia Unit APUS x3 Standard,
17948935,PENGADAAN_BARANG,"Gorong-gorong Kotak Beton Bertulang, ukuran dalam 80 cm x 80 cm,  (Precast) K.350, T. 20 Ton",
21050146,PENGADAAN_BARANG,"Pas. U-Ditch 50.60.120.8 cm, (G 20 T) dg CU 50.120.15 cm (G 20 T)",
21760636,PENGADAAN_BARANG,Single Frequency Network Digital - Alat Ukur - dengan Managed Service,
21050726,PENGADAAN_BARANG,Belanja Modal Personal Computer (Laptop dan Komputer),
17936235,PENGADAAN_BARANG,"Tutup U-Ditch Pracetak Tipe DS 4 (CU80 Precast),T .10 Ton",
18354688,PENGADAAN_BARANG,Oksigen Cair,
21759163,PENGADAAN_BARANG,Belanja Obat,
17927478,PENGADAAN_BARANG,Perkerasan Blok Beton 20x20x8 abu-abu Fc 20 Mpa,
21769002,PENGADAAN_BARANG,Belanja Modal Alat Rumah Tangga Lainnya (Home Use),
17923781,PENGADAAN_BARANG,Semen,
21753268,PENGADAAN_BARANG,Pembesian Ulir,
17921255,PENGADAAN_BARANG,"Drain Grate Besi Cor (Cast Iron) - Kecil (Hole 2-8), Dengan Box Tangkapan Air (Precast) K.350, T. 20 Ton",
17921637,PENGADAAN_BARANG,Laston Lapis Antara (AC-BC),
18491846,PEKERJAAN_KONSTRUKSI,Peningkatan Jaringan Irigasi D.I. Samplangan,
18488734,PENGADAAN_BARANG,Selfloader Truck 136 HDL,
21048045,PENGADAAN_BARANG,Kereb Pracetak Jenis 2 (Penghalang/Barrier),
17935199,PENGADAAN_BARANG,Pasangan Batu,
17951767,PENGADAAN_BARANG,Pekerjaan Pemasangan Baja Berat,
21054812,PENGADAAN_BARANG,Pek. Pemasangan Atap Ijuk,
17952831,PENGADAAN_BARANG,"Laston Lapis Aus (AC-WC), Terpasang",
21064982,PENGADAAN_BARANG,Lapis Pondasi Agregat Kelas A,
17948565,PENGADAAN_BARANG,Pemasangan Unit Pracetak Gelagar Tipe I Bentang 30  meter,
17949639,PENGADAAN_BARANG,Pemasangan Unit Pracetak Gelagar Tipe I Bentang 30 meter,
17921045,PENGADAAN_BARANG,Laston Lapis Aus (AC-WC),
17926400,PENGADAAN_BARANG,Cummin Generator type Silent 250 KVA,
21762099,PENGADAAN_BARANG,Perbaikan Campuran Aspal Panas,
18604432,PEKERJAAN_KONSTRUKSI,Pembangunan Hanggar Mesin RDF,
21758861,JASA_KONSULTANSI_BU_KONSTRUKSI,Belanja Modal Bangunan Gedung Museum ( Jasa Perencanaan Pembangunan Gedung Museum dan Pendukungnya pada UPTD. Museum Bali ),
21030509,PEKERJAAN_KONSTRUKSI,Perbaikan Saluran Drainase di Kelurahan Peguyangan (Pemulihan Infrastruktur Akibat Bencana Banjir),
21042319,PEKERJAAN_KONSTRUKSI,Perbaikan Sarana Dan Prasarana Penataan Taman Lilia Ulangun Dam Oongan (Pemulihan Infrastruktur Akibat Bencana Banjir),
18824388,PENGADAAN_BARANG,Belanja barang dan jasa BLUD berupa Belanja Alat Kesehatan dan Bahan Medis Habis Pakai Ruang/Unit - PL,
18343301,PENGADAAN_BARANG,Oksigen Cair,
18354792,PENGADAAN_BARANG,Oksigen Cair,
21771012,PENGADAAN_BARANG,Belanja Modal Alat Kedokteran Anastesi,
18821620,PEKERJAAN_KONSTRUKSI,Renovasi/Pembangunan Pustu Lembongan,
21058508,PENGADAAN_BARANG,Pek. Plesteran Dinding Semen Instan,
21059664,PENGADAAN_BARANG,Pas. Batukali ( 1SP : 5PP ),
18606806,PENGADAAN_BARANG,Lapis Pondasi Agregat Kelas A ( Terpasang ),
17931063,JASA_KONSULTANSI_BU_KONSTRUKSI,"Belanja Jasa Konsultansi Perencanaan Rekayasa-Jasa Desain Rekayasa untuk Pekerjaan Teknik Sipil  Transportasi, Feasibility Study (FS) Pembangunan Underpass Sp. Jimbaran (MCD)",
21773334,JASA_KONSULTANSI_BU_KONSTRUKSI,Konsultan Advisory Kegiatan Penyelenggaraan Jalan dan Jembatan,
18824593,PEKERJAAN_KONSTRUKSI,Rehabilitasi Ruang Kelas SD N 3 Lembongan,
17949035,PENGADAAN_BARANG,Sepeda Motor Matic,
21780182,PENGADAAN_BARANG,Belanja Obat-obatan -Obat,
21774802,PENGADAAN_BARANG,Belanja Obat-obatan -Obat,
21781963,PENGADAAN_BARANG,Belanja Obat-obatan -Obat,
17927013,PENGADAAN_BARANG,Laston Lapis Aus (AC-WC),
21778046,PENGADAAN_BARANG,Fiber Optik Internet Dedicated Internasional 500 Mbps,
18483254,PEKERJAAN_KONSTRUKSI,Belanja Pemeliharaan Rutin Jalan Kabupaten di Kec. Tampaksiring I,
17935279,PENGADAAN_BARANG,"Saluran berbentuk U Tipe DS 1, SBP Uk 40.60.120 (Dengan Tutup) Precast T 10 Ton Drain",
18484543,PENGADAAN_BARANG,Ventilator Triton MV200 NeoPlus,
18487762,PEKERJAAN_KONSTRUKSI,Belanja Pemeliharaan Rutin Jalan Kabupaten di Kec. Gianyar I,
21779370,PENGADAAN_BARANG,Internasional 500 Mbps  Silver,
18817196,PENGADAAN_BARANG,excavator,
21780197,PENGADAAN_BARANG,Smart Teleskop Panoramic,
19761664,JASA_LAINNYA,Belanja Jasa yang Diberikan kepada Pihak Ketiga/Pihak Lain,
18822974,PEKERJAAN_KONSTRUKSI,Penataan Paving di Kantor Polsubsektor lembongan,
21038195,PENGADAAN_BARANG,Pek. 1 m3 Urugan tanah dipadatkan,
18480740,PEKERJAAN_KONSTRUKSI,Belanja Pemeliharaan Rutin Jalan Kabupaten di Kec. Payangan I,
21058849,PEKERJAAN_KONSTRUKSI,Rekonstruksi Kawasan Jalan Tk. Musi VI di Kec. Denpasar Selatan,
19766134,PENGADAAN_BARANG,Pemasangan 1 M3 Fondasi Batu Belah Mortar Tipe N (5.2 MPa). cara manual,
18487810,PEKERJAAN_KONSTRUKSI,Belanja Pemeliharaan Rutin Jalan Kabupaten di Kec. Tegallalang I,
19759830,PENGADAAN_BARANG,Octanate 1000 Iu Faktor Viii (Konsentrat) Inj 1.000 Iu,
17936831,PENGADAAN_BARANG,Belanja Modal Peralatan Jaringan,
19767286,PENGADAAN_BARANG,Paket Hemodialisa Dewasa Lengkap Elisio 15H,
18490037,PENGADAAN_BARANG,Belanja Alat/Bahan untuk Kegiatan Kantor-Alat/Bahan untuk Kegiatan Kantor Lainnya,
18825882,PENGADAAN_BARANG,Belanja barang dan jasa BLUD berupa Belanja Alat Kesehatan dan Bahan Medis Habis Pakai Laboratorium - PL,
17926250,PENGADAAN_BARANG,"Tiang Bor Beton, diameter 800 mm",
21033428,PEKERJAAN_KONSTRUKSI,Peningkatan Jalan Lingkungan di Kelurahan Padangsambian,
21046537,PEKERJAAN_KONSTRUKSI,Peningkatan Jalan Lingkungan di Kelurahan Sesetan,
18489969,PEKERJAAN_KONSTRUKSI,Belanja Pemeliharaan Rutin Jalan Kabupaten di Kec. Sukawati I,
17922943,PENGADAAN_BARANG,Laston Lapis Antara ( AC - BC ),
18683796,JASA_KONSULTANSI_BU_KONSTRUKSI,Belanja Pemeliharaan Bangunan Gedung - Bangunan Gedung Tempat Kerja - Bangunan Gedung Kantor ( Belanja Pengawasan Penataan Ruang / Pemeliharaan Gedung Shanti Graha ),
18487920,PENGADAAN_BARANG,Saluran  Siklop berbentuk U,
19765192,PENGADAAN_BARANG,"C. Pekerjaan Beton Struktur Fc 20 Mpa, terpasang",
18687862,PEKERJAAN_KONSTRUKSI,Belanja Modal Pagar ( Pembangunan Pagar ),
18822049,JASA_LAINNYA,Belanja Tagihan Listrik UPTD Pasar 2025,
17938373,PENGADAAN_BARANG,"Manhole Cover + Engsel Untuk Drainase dia. 70 cm dan Frame, Besi Cor T. 10",
17930130,PENGADAAN_BARANG,Penyediaan Unit Pracetak Gelagar Tipe I Bentang 15 meter,
21032222,PENGADAAN_BARANG,Belanja Modal Alat Musik (GONG) SMP Negeri 12 dan GONG SMP Negeri 15 Denpasar,
18480774,PENGADAAN_BARANG,Saluran Siklop berbentuk U,
18485738,PEKERJAAN_KONSTRUKSI,"Pembangunan Ruang Kelas Baru dan Fasilitas Penunjang TK Negeri Hindu Kerta Winangun Santhi,  Pembangunan Area Bermain dan Perabotannya, serta Penataan Halaman TK Negeri Hindu Kerta  Winangun Santhi, Pembagunan Padmasana dan Tembok Penyengker TK Negeri Hindu Kerta  Winangun Santhi",
18484060,PENGADAAN_BARANG,Belanja Bahan Medis Habis Pakai,
18358641,PENGADAAN_BARANG,Biznet Dedicated Internet Domestik Fo 1 GBPS,
17923268,PENGADAAN_BARANG,Saluran U Pracetak Tipe 60x80/120 (Precast) T. 10 ton,
17931259,PENGADAAN_BARANG,Team Leader Paket 3 Tahun,
21055637,PENGADAAN_BARANG,Lapis Fondasi Agregat Kelas A,
21034814,JASA_KONSULTANSI_BU_KONSTRUKSI,Pembuatan DED Penataan Kawasan Lapangan Kapten Sujana Kota Denpasar,
17938620,PENGADAAN_BARANG,"Saluran berbentuk U Tipe 80/80 x 120 Cm (dengan tutup dudukan manhole Pracetak tipe andesite UK. 110 x 120 x 15 cm+Ubin Penuntun Difable) , T. 10 Ton",
19758818,PENGADAAN_BARANG,Tenaga Kebersihan Kliner Senior,
18822729,PEKERJAAN_KONSTRUKSI,Rehabilitasi Ruang Kelas SD N 5 Batununggul,
18489853,PENGADAAN_BARANG,NIDEK Ophthalmic Surgical System Cube Alpha,
18608106,PEKERJAAN_KONSTRUKSI,Rehabilitasi Ruang Kelas SDN 4 Baluk,
21037615,JASA_LAINNYA,Belanja Perjalanan Dinas Biasa,
21058098,PENGADAAN_BARANG,Lapis Fondasi Agregat Kelas A,
17948021,PENGADAAN_BARANG,"Beton struktur, fc 20 MPa",
18822329,PEKERJAAN_KONSTRUKSI,Pembangunan ruang bersalin di UPTD Puskesmas Nusa Penida II,
17952907,PENGADAAN_BARANG,"Tutup Pracetak Bermotif (Type UK. 80 x 120 x 15 cm+Ubin Penuntun Difable) , T.10 Ton",
17931287,PENGADAAN_BARANG,"Saluran Type U Beton  K175 tulangan M6 2 lapis, Tinggi 1,2 m x Lebar 1,2 m, t 20 cm (m1)",
19769291,PEKERJAAN_KONSTRUKSI,Pembangunan Tribun Lapangan Basket Alit Saputra,
21754233,PENGADAAN_BARANG,"Tiang Bor Beton, diameter 400 mm",
18356789,PENGADAAN_BARANG,GPH 33-100 100 Kva,
19764736,PENGADAAN_BARANG,Pemasangan 1 M2 Paving block (Blok Beton) Natural Tebal 8 cm fc 20 MPa,
21041696,PENGADAAN_BARANG,GENEXPERT Xpert MTB/RIF Ultra Assay Kit,
19760066,PENGADAAN_BARANG,Analog insulin rapid acting inj 100 IU/mL,
17934691,PENGADAAN_BARANG,Laston Lapis Antara (AC-BC),
21753207,JASA_LAINNYA,Belanja Modal Alat Komunikasi Radio VHF,
21059364,PENGADAAN_BARANG,FRAME DAN COVER MANHOLE TIPE A  BINTANG BESAR (PRECAST fc 30 MPA) T 10 TON,
18680688,PEKERJAAN_KONSTRUKSI,Rekonstruksi Jalan Ruas Jalan Nangka - Pr. Penataran (Lanjutan),
18487366,PEKERJAAN_KONSTRUKSI,Rehab Kantor Bupati Lanjutan,
18482379,PENGADAAN_BARANG,"Beton struktur, fc 25 Mpa",
21781831,PENGADAAN_BARANG,Belanja Modal Peralatan Jaringan,
21056044,PENGADAAN_BARANG,Lapis Fondasi Agregat Kelas A,
19759381,PENGADAAN_BARANG,Laston Lapis Aus (Ac-WC) E02,
17920719,PENGADAAN_BARANG,Pasangan Bata Tulikup,
18480426,PEKERJAAN_KONSTRUKSI,Belanja Pemeliharaan Rutin Jalan Kabupaten di Kec. Blahbatuh I,
18609517,PENGADAAN_BARANG,Beton fc 15 Mpa ( Terpasang ),
19756377,PENGADAAN_BARANG,Tenaga Keamanan Pelaksana,
17924650,PEKERJAAN_KONSTRUKSI,Belanja Modal Bangunan Gedung Kantor - Penataan Ruang Bidang Bina Marga Dinas PUPR Kabupaten Badung,
18482650,JASA_KONSULTANSI_BU_KONSTRUKSI,",Perencanaan Gedung Gedung Puspem Gianyar (Gedung Utama, B, C dan D)",
21046280,JASA_LAINNYA,Belanja Bimbingan Teknis,
17952230,PENGADAAN_BARANG,Saluran berbentuk U Tipe 30x30x120 (dengan tutup),
21774166,PEKERJAAN_KONSTRUKSI,Belanja Pemeliharaan Jaringan Perpipaan Air Limbah,
17931408,PEKERJAAN_KONSTRUKSI,Belanja Modal Bangunan Gedung untuk Pos Jaga - Pembangunan Pos Polairud Munggu,
17941008,PENGADAAN_BARANG,Pengadaan Box Culvert Pracetak Tipe 80x80x120.  T. 11 Cm ( Gandar 20,
21775312,PENGADAAN_BARANG,Belanja Modal Alat Pendingin (Precision Air Conditioning Netsensible),
21060310,JASA_LAINNYA,Belanja Tagihan Listrik,
17921691,PENGADAAN_BARANG,"Gorong-gorong Kotak Beton Bertulang, ukuran dalam 200 cm x 200 cm",
17933851,PENGADAAN_BARANG,Beton Siklop fc 15 Mpa,
18483551,PEKERJAAN_KONSTRUKSI,Pekerjaaan Ruang Kelas Baru dan Finishing Aula pada SMPN 1 Tegallalang,
21055618,PENGADAAN_BARANG,Pekerjaan Begesting Dinding Beton,
21038762,PENGADAAN_BARANG,Pas. U-Ditch 50.60.120.6 cm,
21756851,PENGADAAN_BARANG,"Belanja Benih, Ketersediaan Benih Padi Provinsi Bali",
21750963,JASA_LAINNYA,Belanja Pemeliharaan Pompa Air Limbah,
18484859,PENGADAAN_BARANG,Jasa Pengelolaan Limbah B3 Infeksius,
18014126,PEKERJAAN_KONSTRUKSI,Pembangunan Balai Kambang Kota Bangli Lanjutan,
19766585,PENGADAAN_BARANG,"Pek. Lapis Fondasi Agregat Kelas B, Terpasang",
18600384,PEKERJAAN_KONSTRUKSI,Rehabilitasi ruang kelas SDN 1 Pekutatan,
18367228,PEKERJAAN_KONSTRUKSI,Peningkatan SPAM Perdesaan Desa Penuktukan,
18486921,PENGADAAN_BARANG,LG2 Radiofrequency Lesion Generator / Radiofrequency for Pain Packages 2 TC Electrode,
17935431,PENGADAAN_BARANG,"Saluran berbentuk U Tipe DS 1, SBP U 40.60.120 (Dengan Tutup) Precast, T 10 Ton Drain",
19764529,PENGADAAN_BARANG,Pek Box Culvert Uk. 80x80x1,
18012097,PEKERJAAN_KONSTRUKSI,"Pembangunan Drainase Jalan Majapahit, Jalan Tirta Barong,Dan Jalan Muhamad Hatta",
17922869,PENGADAAN_BARANG,"Tutup Pracetak bermotif (tipe UK. 80 x 120 x 15 cm+Ubin Penuntun Difable) , T. 10 Ton",
17921460,PENGADAAN_BARANG,"Beton Siklop, fc 15 Mpa",
18487247,PENGADAAN_BARANG,Pengadaan Lampu Kawasan Gor,
21779526,PENGADAAN_BARANG,Kewajiban Belanja BMHP tahun 2024,
18482525,PENGADAAN_BARANG,Pek. Perbaikan Campuran Aspal Panas,
21758248,JASA_KONSULTANSI_BU_KONSTRUKSI,Perencanaan Teknis Penataan Area Parahyangan di Kawasan Suci Besakih di Kabupaten Karangasem Tahap II,
17925870,PENGADAAN_BARANG,LG 55VSM5J-H Video Wall,
21769444,PENGADAAN_BARANG,Baja Tulangan Strip BJTS 420 A,
18483249,PEKERJAAN_KONSTRUKSI,Pembangunan gedung Aula pada SMPN 2 Ubud,
17938907,PENGADAAN_BARANG,Timbunan pilihan ( Sirtu ),
21750840,PENGADAAN_BARANG,Perbaikan Campuran Aspal Panas,
19759112,PENGADAAN_BARANG,Cor Beton K-300; Ready Mix,
17938608,PENGADAAN_BARANG,Anesthesia Machine A8500 TC Plus Patient Monitor NSR PM1200,
21055078,PENGADAAN_BARANG,Pek. Tulangan Besi Ulir (U39) lebih besar atau sama 12 mm,
17924930,PENGADAAN_BARANG,"Gorong-gorong Kotak Beton Bertulang, ukuran dalam 40 cm x 40 cm, (Precast) K.350, T20 Ton",
17953354,PENGADAAN_BARANG,Pek. Lapis Resap Pengikat - Aspal Cair,
17927707,PENGADAAN_BARANG,Lapis Pondasi Agregat Kelas A,
17936130,PENGADAAN_BARANG,Laston Lapis Aus (AC-WC),
21770886,PENGADAAN_BARANG,Lapis Pondasi Agregat Kelas B,
21047706,PEKERJAAN_KONSTRUKSI,Rehabilitasi  Jalan Gunung Lebah Raya  di Kec. Denpasar Barat,
21036539,JASA_LAINNYA,Belanja Perjalanan Dinas Biasa,
18011593,PENGADAAN_BARANG,Pengadaan Kendaraan Dinas Bermotor Perorangan - Mobil Dinas WKDH,
21055983,PENGADAAN_BARANG,Paving Natural 20 X 20CM Tebal 8CM,
17922437,PENGADAAN_BARANG,"Laston Lapis Antara (AC-BC), Terpasang",
21037743,PEKERJAAN_KONSTRUKSI,Penambahan pipa pengumpul dan SR untuk kabupaten/kota yang telah memiliki SPALD-T (skala kota dan permukiman) yang masih memiliki idle capacity di Kelurahan Sesetan dan Sekitarnya,
21048097,PENGADAAN_BARANG,Pek. Bungan Pelinggih Meru Tumpang 11,
17922300,PEKERJAAN_KONSTRUKSI,Peningkatan Jaringan Irigasi Permukaan - Belanja Modal Bangunan Pembawa Irigasi - Peningkatan Saluran Irigasi Subak Pasekan Desa Sedang Kecamatan Abiansemal di Kabupaten Badung,
17949878,PENGADAAN_BARANG,qEEG & Neurofeedback 24 channel with 3D Games & Audio,
21751044,JASA_KONSULTANSI_BU_KONSTRUKSI,Perencanaan Teknis Pembangunan Gedung Parkir di Kawasan Pelabuhan Sanur Kota Denpasar,
21033265,PENGADAAN_BARANG,Mini PCN L dan Mini PCN M Set,
21767499,JASA_KONSULTANSI_BU_KONSTRUKSI,Perencanaan Teknis Penataan Kawasan Pura Ulundanu Batur Kab. Bangli,
18609276,PENGADAAN_BARANG,Pasangan Batu ( Terpasang ),
17931833,PENGADAAN_BARANG,Galian Perkerasan Beraspal dengan Cold Milling Machine,
21774727,PENGADAAN_BARANG,Belanja BMHP,
18603934,PENGADAAN_BARANG,Pasangan Batu ( Terpasang ),
21753212,PENGADAAN_BARANG,Peralatan Praktik Kejuruan - Konsentrasi Keahlian Bisnis Digital (DAK) SMKN 1 Abang,
21768907,PENGADAAN_BARANG,Perbaikan Campuran Aspal Panas,
21772043,PENGADAAN_BARANG,Belanja Bahan-Bahan/Bibit Tanaman,
17924817,PENGADAAN_BARANG,"Laston Lapis Antara (AC-BC), Terpasang",
17947047,PENGADAAN_BARANG,"Saluran berbentuk U 60/80x120 Cm (dengan tutup Precast UK.76 x 120 x 12 cm), T 10 Ton",
17931527,PENGADAAN_BARANG,Belanja Modal Alat Kantor Lainnya,
21752110,PENGADAAN_BARANG,"Beton , fc 15 Mpa ready mix",
21030378,PENGADAAN_BARANG,Pek. Penulangan Besi Ulir/Bjts Diameter kurang dari 12 Mm,
17932707,PENGADAAN_BARANG,Box Culvert 60/60 (20T) ( Pengadaan ),
21064178,PENGADAAN_BARANG,Pengadaan Dan Pemasangan Kamera PTZ 4MP Multi Lenses Dan Audio Announcer Pemantau Simpang Dilengkapi Manageable Fiber Optic Node Termination (Font) 1000 MBPS,
21065849,PENGADAAN_BARANG,Jasa Kebersihaan Pelaksana tanpa bahan dan alat,
21033252,PENGADAAN_BARANG,Belanja Modal Komputer,
18489957,PENGADAAN_BARANG,Rfa Viva Starmed,
18678889,PEKERJAAN_KONSTRUKSI,Rekonstruksi Jalan Ruas Jalan Lusuh Kangin-Muntig,
18689081,PEKERJAAN_KONSTRUKSI,Rekonstruksi Jalan Ruas Jalan Pert. Padang - Pr. Laga,
19759975,PENGADAAN_BARANG,Semen 40kg,
21756379,PENGADAAN_BARANG,"Kombinasi KDT/FDC mengandung:  a. Fe sulfat/ Fe fumarat/ Fe glukonat (setara dengan 60 mg Fe elemental) b. asam folat 0,4 mg tab sal",
17938953,PENGADAAN_BARANG,"Saluran U Pracetak Tipe 80x80x120 Precast, (dengan tutup) T 10 Ton",
21050975,PENGADAAN_BARANG,Pek. PEMASANGAN 1 M3 PONDASI SIKLOP,
21767169,PENGADAAN_BARANG,Belanja Barang untuk Dijual/Diserahkan kepada Masyarakat,
21032893,PENGADAAN_BARANG,PEK. Tulangan Besi Ulir (U39) Lebih Dari / Sama Dengan Dari 12 MM,
21045761,PENGADAAN_BARANG,Saluran U Pracetak DS 2A (Dengan Tutup) (Precast),
17934840,PENGADAAN_BARANG,Pekerjaan Beton Mutu K 250,
21053188,PEKERJAAN_KONSTRUKSI,Peningkatan Jalan Lingkungan di Kelurahan Tonja,
17952796,JASA_LAINNYA,Excavator,
21047244,PEKERJAAN_KONSTRUKSI,Pembangunan Saluran Drainase di Desa Sidakarya,
21060289,PENGADAAN_BARANG,Belanja Modal Rambu Bersuar (Pengadaan dan pemasangan traffic light ATCS di Pemogan - Taman Pancing),
18359801,PEKERJAAN_KONSTRUKSI,Penggantian Jembatan Cempaga (Bd. Corot)-Dencarik,
18680891,PENGADAAN_BARANG,Belanja Modal Alat  Angkutan Darat Bermotor,
21053899,PENGADAAN_BARANG,Belanja Bahan-Bahan Bangunan dan Konstruksi,
18357080,PENGADAAN_BARANG,Pasangan Batu,
18357707,PENGADAAN_BARANG,Pekerjaan Lapis Fondasi Agregat Kelas A,
21750539,PENGADAAN_BARANG,Belanja Isi Tabung Gas Oksigen,
17943309,PENGADAAN_BARANG,Pembesian Tulangan Ulir,
21029115,PENGADAAN_BARANG,Pek. Penulangan Besi Ulir/Bjts Diameter 12 Mm ke atas,
19765120,PENGADAAN_BARANG,Laston Lapis Aus (Ac-WC) E02,
17945589,PENGADAAN_BARANG,"Beton Siklop, fc 15 Mpa",
21766382,PENGADAAN_BARANG,"Beton strukur fc 20 MPa, untuk bahu jalan",
21750967,JASA_KONSULTANSI_BU_KONSTRUKSI,Belanja Modal Bangunan Kesehatan,
17953521,JASA_KONSULTANSI_BU_KONSTRUKSI,",Belanja Modal Bangunan Gedung Museum - Penyusunan DED Pembangunan Museum Perdamaian Bali",
18488897,PENGADAAN_BARANG,"Tiang Bor Beton, diameter 800 mm fc 25 Mpa Memadat Sendiri + Pembesian",
21776035,PENGADAAN_BARANG,Belanja Alat/Bahan untuk Kegiatan Kantor-Perlengkapan Dinas; Belanja Alat/Bahan untuk Kegiatan Kantor- Perlengkapan Pendukung Olahraga; Belanja Pakaian Sipil Resmi (PSR),
17925110,PENGADAAN_BARANG,Komputer,
21045248,PENGADAAN_BARANG,CerviScan-4C HPV-hr qPCR Diagnostik Kit,
17926350,PENGADAAN_BARANG,"Saluran U Pracetak Tipe DS 3 60 80 120 Precast , T  10 Ton",
21781355,PEKERJAAN_KONSTRUKSI,Belanja Pemeliharaan Bangunan Gedung-Bangunan Gedung Tempat Kerja-Bangunan Gedung Tempat Olahraga,
21036081,PENGADAAN_BARANG,"Pekerjaan  Pasangan Buis Beton diameter 1,00 m",
21773991,PENGADAAN_BARANG,Lapis Fondasi Agregat Kelas B,
18365855,PEKERJAAN_KONSTRUKSI,Rehabilitasi Saluran Drainase Pancasari,
21756519,PENGADAAN_BARANG,Pasangan Batu dengan Mortar,
18491692,PENGADAAN_BARANG,Anesthesia Machine A8500 TC,
21029219,PENGADAAN_BARANG,Belanja Pakaian Olahraga,
17953150,PENGADAAN_BARANG,Belanja Modal Alat Kantor Lainnya,
21759036,JASA_LAINNYA,Belanja Sewa Peralatan Studio Audio,
18822324,PEKERJAAN_KONSTRUKSI,Rehabilitasi Sedang UPTD Puskesmas Klungkung II,
19762418,PENGADAAN_BARANG,Glucose Strip,
18484944,PENGADAAN_BARANG,Zoomba Mobile WTP Up to 1.000 Lph,
18487801,PEKERJAAN_KONSTRUKSI,Belanja Modal Bangunan Kesehatan - Pembangunan/Renovasi Lanjutan Labkesmas,
17950279,PENGADAAN_BARANG,Pembesiann,
19759967,PENGADAAN_BARANG,Belanja Modal Peralatan Permainan (Pengadaan Alat Praktik dan Peraga PAUD),
18481392,PEKERJAAN_KONSTRUKSI,"Pembangunan DPT, Tembok Pembatas dan penataan halaman pada SMPN 3 Tegallalang",
21772251,PENGADAAN_BARANG,Belanja Modal Pompa,
17937018,PENGADAAN_BARANG,Pek. Perkerasan blok beton 20x20x8 cm abu-abu fc 20 Mpa K-250,
18485832,PENGADAAN_BARANG,Lapis Pondasi Agregat Kelas A,
19768368,PENGADAAN_BARANG,Bahan Baku Bangunan untuk Peningkatan Kualitas Rumah; Sub Keg Perbaikan Rumah Tidak Layak Huni,
17952169,PENGADAAN_BARANG,Belanja Alat/Bahan untuk Kegiatan Kantor- Bahan Cetak,
18486027,PENGADAAN_BARANG,Lapis Pondasi Agregat Kelas A,
19758758,PENGADAAN_BARANG,"Pek. Lapis Fondasi Agregat Kelas A, Terpasang",
17938217,PENGADAAN_BARANG,"Albumin serum normal (human Albumin) inj 25%(250 g/1.000 mL), @ 100 mL",
21054780,PENGADAAN_BARANG,"2.15.02.2.02.0002 Belanja Alat/Bahan untuk Kegiatan Kantor-Alat Listrik (MCB 40 A  1 Phase, MCB 63 A  1 Phase, MCB 10 A  1 Phase, Magnet Kontaktor, Time Switch)",
18485699,PENGADAAN_BARANG,Pemasangan Unit Pracetak Gelagar Tipe I Bentang 30.8 meter,
18351801,PENGADAAN_BARANG,Pekerjaan Beton Struktur Fc 15 Mpa (untuk bahu jalan),
21750432,PENGADAAN_BARANG,DMH Hydraulic Piston Diaphragm Dosing Pumps,
21750471,PENGADAAN_BARANG,Pek. Pasangan Batu Layer w : 50 - 100 kg,
19757753,PENGADAAN_BARANG,Double Ceiling Operating Light wit Camera,
17940214,PENGADAAN_BARANG,Perpanjangan Masa Aktif (Lisensi) Network Security 1 Year,
17923888,PENGADAAN_BARANG,Pipa Ultilitas PVC Diameter 200 mm 8 inch (D) Pemasangan Dalam U Ditch & Trotoar Baru,
19761576,PENGADAAN_BARANG,Paket Hemodialisa Dewasa Lengkap Elisio 15H,
18687276,PEKERJAAN_KONSTRUKSI,Rehabilitasi bangunan pura dan senderan di Pura Hyangaluh Besakih,
17922460,PENGADAAN_BARANG,Laston Lapis Antara (AC-BC),
21037077,PENGADAAN_BARANG,PEMASANGAN PAVING BLOCK NATURAL Tebal 8 cm (20 x 20 cm) K.225,
17932907,PENGADAAN_BARANG,"Pipa Utilitas PVC Diameter 200 mm 8 inch (D), Pemasangan Pada Uditch & Trotoar Baru",
18679554,PENGADAAN_BARANG,Belanja Alat/Bahan untuk Kegiatan Kantor-Alat Listrik,
21765955,PENGADAAN_BARANG,Perbaikan Campuran Aspal Panas,
17933822,PENGADAAN_BARANG,Kereb pracetak Jenis 3 (kursi),
18823596,PEKERJAAN_KONSTRUKSI,"Biaya Pekerjaan Bale Gong, Bale Pesandekan, Bale Kulkul, Candi Bentar Perbaikan di Pura Watu Klotok",
21762531,JASA_KONSULTANSI_BU_KONSTRUKSI,Belanja Modal Bangunan Tempat Persidangan - Jasa Pengawasan,
19756333,JASA_KONSULTANSI_BU_NON_KONSTRUKSI,Belanja Jasa Tenaga Ahli (Penatausahaan Barang Milik Daerah),
18358293,PENGADAAN_BARANG,Belanja Pemeliharaan Alat Angkutan-Alat Angkutan Darat Bermotor-Kendaraan Bermotor Angkutan Barang (2.11.11.2.01.0012.5.1.02.03.02.0037.),
17943774,PENGADAAN_BARANG,Belanja Modal Personal Computer,
17950397,PENGADAAN_BARANG,Lapis Pondasi Agregat Kelas B,
19756435,PENGADAAN_BARANG,Pasangan Batu,
17938722,PENGADAAN_BARANG,"Tutup Pracetak Bermotif (Type UK. 80 x 120 x 15 cm+Ubin Penuntun Difable) , T 10 Ton",
19757253,PENGADAAN_BARANG,Pemasangan 1 M2 bekisting untuk kolom,
18488470,PENGADAAN_BARANG,"Beton struktur, fc 30 MPa",
21764443,PENGADAAN_BARANG,Belanja Jasa Tenaga Kebersihan Kantor,
17928949,PENGADAAN_BARANG,Saluran  U Pracetak Tipe DS 3 (60x80X120) Precast T 10 Ton,
18012164,PENGADAAN_BARANG,Aspal Emulsi Css 1 h,
17931903,PENGADAAN_BARANG,Pengadaan  L Shape 30.50.30.6 CM,
18491743,PEKERJAAN_KONSTRUKSI,Peningkatan Jalan Lingkungan Desa Sidan,
18610007,PEKERJAAN_KONSTRUKSI,Rehabilitasi Ruang Kelas SDN 3 Pergung,
21065123,PEKERJAAN_KONSTRUKSI,Peningkatan Jalan Lingkungan di Desa Padangsambian Klod,
17948913,PENGADAAN_BARANG,Beton Siklop fc 15 Mpa,
18489182,PENGADAAN_BARANG,Pek. Perbaikan Campuran Aspal Panas,
21036969,PEKERJAAN_KONSTRUKSI,Peningkatan Jalan Lingkungan di Desa Pemogan,
19769273,PENGADAAN_BARANG,Pengadaan Alat Praktik dan Peraga Peserta Dididk SD,
21039830,PEKERJAAN_KONSTRUKSI,Peningkatan Jalan Lingkungan di Kelurahan Kesiman,
21759844,PENGADAAN_BARANG,Siap PPDB/SPMB Online Advance,
21057276,JASA_LAINNYA,Belanja Bahan-Bahan Lainnya,
21057427,PENGADAAN_BARANG,Pek. Bekisting Plat,
19763885,PENGADAAN_BARANG,"Pekerjaan Beton strukur, fc20 MPa, Terpasang",
21764374,PENGADAAN_BARANG,Layanan Bus Perum Damri Luar Kawasan Sarbagita,
18485297,PEKERJAAN_KONSTRUKSI,Rehabilitasi Jaringan Irigasi dan Jalan Inspeksi di Desa Petak,
17944090,PENGADAAN_BARANG,Lapis Pondasi Agregat Kelas A,
21037596,JASA_LAINNYA,Belanja Perjalanan Dinas Biasa,
18367239,PENGADAAN_BARANG,Belanja Alat/Bahan untuk Kegiatan Kantor-Bahan Cetak,
17942930,PENGADAAN_BARANG,Pasangan Batu dengan Mortar,
21043238,PENGADAAN_BARANG,Perbaikan Campuran Aspal Panas,
21032834,JASA_LAINNYA,Belanja Tagihan Listrik,
21757908,PENGADAAN_BARANG,Konsolidasi Tahap II Paket Pengadaan Barang/Jasa Berupa Laptop,
17942877,PENGADAAN_BARANG,"Beton Siklop, fc 15 Mpa",
18341969,PENGADAAN_BARANG,GENEXPERT Xpert MTB/RIF Ultra Assay Kit,
21047042,PENGADAAN_BARANG,"Pekerjaan Pas. Paving Block Natural Tebal 8 cm ( 20x20 cm), (K225)",
17952974,PENGADAAN_BARANG,Belanja Makanan dan Minuman Aktivitas Lapangan ( Olah Raga ),
21059262,PENGADAAN_BARANG,Belanja Pakaian Olahraga,
19757861,PENGADAAN_BARANG,Eritropoetin-alfa Injeksi 3.000 IU,
21774029,PENGADAAN_BARANG,Belanja Sewa Aset Tidak Berwujud-Lisensi dan Franchise (Kredit Amazon Web Services (AWS)),
21750968,PENGADAAN_BARANG,Oksigen Cair,
21061821,PEKERJAAN_KONSTRUKSI,Pengembangan Jaringan Distribusi dan Sambungan Rumah di Kec. Denpasar Barat dan Kec. Denpasar Utara,
21046677,PENGADAAN_BARANG,Belanja Modal Kendaraan Bermotor Khusus,
18683424,PEKERJAAN_KONSTRUKSI,Rehabilitasi Senderan Tukad Mantri,
17944301,PENGADAAN_BARANG,"Pekerjaan beton mutu fc  21,7 Mpa (K.250)",
18013642,PEKERJAAN_KONSTRUKSI,Rekonstruksi Jalan dan Bangunan Pelengkap Jalan pada Ruas Jalan  Tegal - Bebalang,
21061475,PENGADAAN_BARANG,United Motor Listrik T1800  (Patroli),
17952120,PENGADAAN_BARANG,PC All in One (ACER Veriton M),
21043344,PENGADAAN_BARANG,Pek. Acian Dinding Semen Instan,
18012316,PEKERJAAN_KONSTRUKSI,Rehab Gedung Kantor KB,
18482066,PEKERJAAN_KONSTRUKSI,Pembangunan fasilitas umum Batubulan Kangin,
21768170,PENGADAAN_BARANG,"Pekerjaan Lapis Pondasi Agregat Kelas A, Terpasang",
21056450,PEKERJAAN_KONSTRUKSI,Perbaikan Senderan Sungai Jalan Tukad Badung (Pemulihan Infrastruktur Akibat Bencana Banjir),
17947939,PENGADAAN_BARANG,Pekerjaan Pemasangan bekisting untuk plat lantai beton bangunan gedung,
18481203,PENGADAAN_BARANG,pengadaan buku koleksi perpustakaan,
18353135,PENGADAAN_BARANG,"Laston Lapis Aus (AC-WC) dengan menggunakan Campuran Limbah Plastik, Terpasang",
18603058,PENGADAAN_BARANG,Beton Fc 15 Mpa ( Readymix ),
17925555,PENGADAAN_BARANG,Konsentrat pakan sapi potong (s-feed),
21777018,PENGADAAN_BARANG,Belanja Modal Alat Pemadam Kebakaran (Fire Suppression System FM200),
21061460,PEKERJAAN_KONSTRUKSI,Pengembangan Jaringan Distribusi dan Sambungan Rumah di Kec. Denpasar Selatan dan Kec. Denpasar Timur,
19758831,PENGADAAN_BARANG,"NaCl 0.9% / Sodium Chloride 0.9%, 500 mL",
21037972,PENGADAAN_BARANG,Pek. Beton Mutu FC 21 Mpa (Slump 100+-25 Mm),
17950172,PENGADAAN_BARANG,Beton Struktur fc 30 Mpa,
17933036,PENGADAAN_BARANG,ENESERS Anesthesia Machine,
17935845,PENGADAAN_BARANG,Lapis Pondasi Agregat Kelas B,
17930982,PENGADAAN_BARANG,Laston Lapis Aus (AC-WC),
18362653,PENGADAAN_BARANG,"Belanja Bahan-Bahan Kimia_Pengadaan Obat, Bahan Habis Pakai, Bahan Medis Habis Pakai,, Vaksin, Makanan dan Minuman di Fasilitas Kesehatan_dinkes",
21030287,PENGADAAN_BARANG,Pek. Penulangan Besi Ulir/Bjts Diameter kurang dari 12 Mm,
21041425,PENGADAAN_BARANG,Pek. Baja WF 300 x 150,
19755935,PENGADAAN_BARANG,Paket Hemodialisa Dewasa Lengkap Elisio 15H,
18611647,PENGADAAN_BARANG,Oksigen Cair,
18680246,PEKERJAAN_KONSTRUKSI,Konsolidasi Pembangunan Ruang Kelas Baru dan Rehabilitasi Sedang Berat Laboratorium SMPN 3 Amlapura,
19764975,PENGADAAN_BARANG,Semen 40kg,
21047709,PENGADAAN_BARANG,Pemasangan 1 m2 batu Karangasem Candi,
17927147,PEKERJAAN_KONSTRUKSI,Belanja Modal Rambu Bersuar - Pengadaan dan Pemasangan Lampu Penerangan Jalan di Kecamatan Petang,
17948240,PENGADAAN_BARANG,Lapis Pondasi Agregat Kelas B,
17941642,PENGADAAN_BARANG,"Belanja Pemeliharaan Jalan dan Jembatan-Jalan-Jalan Kabupaten, Bahan Baku Pemeliharaan Jalan di Kabupaten Badung, Bahan Baku Pemeliharaan Jalan",
21063309,PENGADAAN_BARANG,Penyapu Jalan 006 Prov,
18490352,PENGADAAN_BARANG,Perbaikan Campuran Aspal Panas,
17949166,PENGADAAN_BARANG,Lansoprazole inj,
21758719,PEKERJAAN_KONSTRUKSI,Pekerjaan Pemeliharaan Jalan dan Pekerjaan Lainnya,
17925720,PENGADAAN_BARANG,Belanja Barang untuk Dijual/Diserahkan kepada Pihak Ketiga/Pihak Lain,
21774898,JASA_LAINNYA,Belanja Jasa Tenaga Administrasi,
21036040,PEKERJAAN_KONSTRUKSI,Peningkatan Jalan Lingkungan di Desa Ubung Kaja,
18676450,PENGADAAN_BARANG,Penyediaan Alat Angkut Sampah Arm Roll,
21065155,JASA_LAINNYA,",Belanja Iuran Jaminan Kesehatan Bagi Peserta PBPU",
17928335,PENGADAAN_BARANG,Pipa utilitas PVC dia 200 mm 8 (D) Pemasangan dalam uditch & Trotoar Baru,
17928800,PENGADAAN_BARANG,Belanja Barang untuk Dijual/Diserahkan kepada Pihak Ketiga/Pihak Lain,
21770775,PENGADAAN_BARANG,Belanja Pakaian Dinas dan Atribut Pimpinan dan Anggota Dewan,
21054378,PEKERJAAN_KONSTRUKSI,Peningkatan Jalan Lingkungan di Desa Pemogan,
18685429,PENGADAAN_BARANG,Perbaikan Campuran Aspal Panas,
18605270,PENGADAAN_BARANG,Beton Struktur  fc 20 Mpa ( terpasang ),
19765549,PENGADAAN_BARANG,"Lapis Fondasi Agregat Kelas A, Terpasang",
19758049,PENGADAAN_BARANG,"Pekerjaan Lapis Pondassi Agregat Kelas A, Terpasang",
19759235,PENGADAAN_BARANG,GENEXPERT Xpert MTB/RIF Ultra Assay Kit,
17942922,PENGADAAN_BARANG,Pengadaan  L Shape 30.70.30.6 Cm,
18611084,PEKERJAAN_KONSTRUKSI,Pemeliharaan Berkala/Rehabilitasi Jalan + Rekonstruksi/Peningkatan Kapasitas Struktur Jalan Dahlia,
17932573,PENGADAAN_BARANG,Saluran berbentuk U Tipe 40x40x120 (dengan tutup),
21048038,JASA_LAINNYA,Belanja Iuran Jaminan Kesehatan bagi Kepala Desa dan Perangkat Desa,
18823848,PEKERJAAN_KONSTRUKSI,Penataan Ruang CT-Scan,
18491730,PENGADAAN_BARANG,REF-KAMRT 200 Refill Reagen Sanitarian Kit/Paket Reagensia BMHP Surveilans Air Minum dan Pangan/Paket Reagensia Surveilans Kualitas Air Minum Rumah Tangga (KAMRT),
19766337,PENGADAAN_BARANG,Belanja Bahan-Bahan Lainnya (BMHP Kesling),
17950106,PENGADAAN_BARANG,REF-KAMRT 200 Refill Reagen Sanitarian Kit/Paket Reagensia BMHP Surveilans Air Minum dan Pangan/Paket Reagensia Surveilans Kualitas Air Minum Rumah Tangga (KAMRT),
18822897,PENGADAAN_BARANG,Belanja Barang dan Jasa-Belanja Alat Kesehatan Pakai Habis (BLUD),
17931199,PENGADAAN_BARANG,Diagnostic Ultrasound System Consona N8 with 2 Probe,
21039154,PEKERJAAN_KONSTRUKSI,Pembangunan Rehabilitas Tembok Penyengker SMP Negeri 10 Denpasar,
21065561,PEKERJAAN_KONSTRUKSI,Penataan Halaman SMP Negeri  16 Denpasar,
21779352,PENGADAAN_BARANG,Belanja Obat-obatan -Obat,
17925674,PENGADAAN_BARANG,VACCINE STORAGE (-25 s.d 8 derajat 510L) BBLO-304,
21758607,PENGADAAN_BARANG,Procedure Pack SMILE,
18604813,PENGADAAN_BARANG,Pasangan Batu ( Terpasang ),
21029842,PENGADAAN_BARANG,Laston Lapis Aus (AC-WC),
21764249,PENGADAAN_BARANG,Belanja Natura dan Pakan-Natura,
18484007,PENGADAAN_BARANG,Ventilator Triton MV200 Neo Standard,
21751509,PENGADAAN_BARANG,Pekerjaan Pasangan Batu Kali 1Pc : 3Ps,
19761276,PENGADAAN_BARANG,"Pemasangan 1 M2  Batu Andesit Black Absolut RTM tbl. 2,6-2,8 cm Untuk Lantai",
21054580,PENGADAAN_BARANG,Belanja Makanan dan Minuman Jamuan Tamu,
21049960,PENGADAAN_BARANG,Belanja Modal Rambu Bersuar (Pengadaan traffic light Pakerisan - Barito),
21037135,PEKERJAAN_KONSTRUKSI,Peningkatan Jalan Lingkungan di Kelurahan Pedungan,
21058507,PENGADAAN_BARANG,Cleaning Service 005-PROV,
17952771,PENGADAAN_BARANG,Beton STR fc 20 MPa,
18343815,JASA_LAINNYA,Belanja Bahan-Bahan Bakar dan Pelumas (2.11.11.2.01.0020.5.1.02.01.01.0004.) PS,
21761117,JASA_LAINNYA,Belanja Sewa Excavator,
21761603,JASA_LAINNYA,Belanja Barang untuk Dijual/Diserahkan kepada Masyarakat,
21037174,JASA_LAINNYA,",Belanja Pemeliharaan Atap dan Lantai",
18609191,PEKERJAAN_KONSTRUKSI,Rehabilitasi Ruang Kelas SDN 1 Perancak,
21063801,PENGADAAN_BARANG,"Desa Adat Penatih, Denpasar Timur",
21064849,PENGADAAN_BARANG,Tanah Urug,
21064928,PENGADAAN_BARANG,Tanah Urug,
18487349,PENGADAAN_BARANG,Laston Lapis Aus (AC-WC) tebal 6 cm,
17943937,JASA_KONSULTANSI_BU_KONSTRUKSI,Belanja Modal Bangunan Gedung Tempat Pendidikan Pengawasan SMP Negeri 3 Kuta Utara,
18486728,PENGADAAN_BARANG,Belanja Alat/Bahan untuk Kegiatan Kantor-Alat Listrik,
21061328,PENGADAAN_BARANG,Belanja Modal Jaringan Listrik Lainnya,
21774109,PENGADAAN_BARANG,Lapis Pondasi Agregat Kelas A,
21033060,PENGADAAN_BARANG,Belanja Modal Jaringan Listrik Lainnya,
21047828,PENGADAAN_BARANG,Pek. Beton Mutu FC : 21 Mpa (Slump 100 plus minus 25 Mm),
18487735,PENGADAAN_BARANG,"Beton Siklop, fc15 Mpa",
17940058,PENGADAAN_BARANG,Laston Lapis Antara (AC-BC),
17939761,PENGADAAN_BARANG,Belanja Langganan Jurnal/Surat Kabar/Majalah,
18482437,PENGADAAN_BARANG,Saluran  Siklop berbentuk U,
21062096,PENGADAAN_BARANG,Saluran berbentuk U Tipe DS 2a (  dengan tutup ) pre cast,
19761393,PENGADAAN_BARANG,Pasir Beton,
21029754,PENGADAAN_BARANG,"Pek. Pas. Paving Block Natural Tebal 8 cm ( 20x20 cm), (K225)",
21065208,PENGADAAN_BARANG,Pek. Pas. Dinding Bata Ringan,
18487530,PENGADAAN_BARANG,Tenaga Keamanan/Anggota,
21762057,PENGADAAN_BARANG,"kg Penulangan kolom, balok, ring balok, sloof, dan shearwall untuk Besi Ulir BjTS cara semi mekanis",
21040763,PENGADAAN_BARANG,Penyambungan LIstrik Baru untuk DLHK,
21773392,PENGADAAN_BARANG,Konsolidasi Tahap II Paket Pengadaan Barang/Jasa Berupa PC,
21048263,PEKERJAAN_KONSTRUKSI,Peningkatan Jalan Lingkungan di Desa Sidakarya,
17943867,PENGADAAN_BARANG,Pipa Utilitas PVC Diameter 200 mm 8 Inch (D) untuk Pemasangan Pada Uditch Trotoar Baru,
21062706,PENGADAAN_BARANG,Belanja Modal Jaringan Listrik Lainnya,
21772174,PENGADAAN_BARANG,Pek. Baja Berat,
17940473,PENGADAAN_BARANG,Pagar BRC Costum lapis hot dip galvanis,
21754579,PENGADAAN_BARANG,Konsolidasi Tahap II Paket Pengadaan Barang/Jasa Berupa AC (Air Conditioner),
18689954,PENGADAAN_BARANG,Laston Lapis Aus (AC-WC),
18678303,PEKERJAAN_KONSTRUKSI,Konsolidasi Belanja Modal Bangunan Gedung Tempat Pendidikan ( Pembangunan Ruang Kelas Baru TK Negeri 1 Manggis ) dan Belanja Modal Bangunan Fasilitas Umum (Pembangunan Toilet TK Negeri 1 Manggis),
21059058,PEKERJAAN_KONSTRUKSI,Peningkatan Jalan Lingkungan di Desa Peguyangan Kaja,
21051727,PENGADAAN_BARANG,Pengadaan & Pemasangan Box Culvert Pracetak Tipe 80.80.120.11 cm - JB (G  10 Ton),
18602596,PEKERJAAN_KONSTRUKSI,Rehabilitasi Ruang Kelas SDN 2 Tegal Badeng Timur,
19761607,PENGADAAN_BARANG,Paket Hemodialisa Dewasa Lengkap Elisio 15H,
18485668,PEKERJAAN_KONSTRUKSI,",Belanja Bantuan Sosial Barang yang Direncanakan kepada Individu -Bantuan Pembangunan Rumah Sederhana Sehat Bagi Masyarakat Berpenghasilan Rendah (MBR), Rumah Tida Layak Huni (RTLH) di Desa Sukawati, Desa Batuan, dan Desa Batuan Kaler",
18482151,PENGADAAN_BARANG,Pasangan Batu,
18602448,PENGADAAN_BARANG,Belanja Bahan-Bahan Bakar dan Pelumas,
21062863,PEKERJAAN_KONSTRUKSI,Peningkatan Jalan Lingkungan di Desa Kesiman Kertalangu,
19767112,PENGADAAN_BARANG,Lansoprazole inj,
18343679,PENGADAAN_BARANG,Belanja Obat-Obatan-Obat-Obatan Lainnya (Bahan dan Alat Radiologi),
21030475,PEKERJAAN_KONSTRUKSI,Peningkatan Jalan Lingkungan di Desa Pemecutan Klod,
21052049,PENGADAAN_BARANG,"Beton Cycloop (60 % Beton 1SP:2PB:3KR, 40 % Batu Kali/Belah)",
18352662,PENGADAAN_BARANG,Lapis Pondasi Agregat Kelas A,
18491356,PEKERJAAN_KONSTRUKSI,"Rehabilitasi ruang kelas dan Finishing laboratorium keterampilan pada SMPN 2 Tegallalang, Pembangunan DPT dan Tembok Pembatas SMPN 2 Tegallalang (bencana alam)",
21047558,PENGADAAN_BARANG,Hematology Analyzer 3 Diff + Reagen Kit + Komputer Set + Sertifikat Kalibrasi + Ups + Stabilizer + Lis,
21048861,PENGADAAN_BARANG,"U Ditch 100 x 100 x 120, K-350, G 10 Ton   Cocer K-350, G10 Ton",
21047693,PENGADAAN_BARANG,1 Pek. 1 kg Pembesian dengan tulangan ulir (di atas 12 ulir),
18483817,PENGADAAN_BARANG,Laston Lapis Aus (AC-WC) tebal 6 cm,
18680550,PENGADAAN_BARANG,FORTACEDX K100 Infinity Semi Automatic Chemistry Analyzer (Alpha),
18825231,PEKERJAAN_KONSTRUKSI,Pemeliharaan Atap Gedung Kantor DKPP,
18610787,PENGADAAN_BARANG,Belanja Modal Peralatan Personal Computer,
18607216,PENGADAAN_BARANG,GENEXPERT Xpert MTB/RIF Ultra Assay Kit,
18488905,PENGADAAN_BARANG,SAMSUNG Diagnostic Ultrasound System HM70 EVO DIAGNOSTIC ULTRASOUND SYSTEM HM70 EVO - CARDIAC - 3 PROBES,
19762747,PENGADAAN_BARANG,136 HD Arm Roll Single Hydroulik + Kontainer Terbuka 6M3 Senang Jaya Abadi,
18817259,PEKERJAAN_KONSTRUKSI,Renovasi/Pembangunan Pustu Satra,
18681911,JASA_KONSULTANSI_BU_NON_KONSTRUKSI,Belanja Jasa Konsultansi Berorientasi Layanan-Jasa Studi Penelitian dan Bantuan Teknik; Belanja Jasa Konsultansi Penyusunan Dokumen Rencana Tata Ruang Wilayah (RTRW) Kabupaten Karangasem,
18487506,PENGADAAN_BARANG,Lapis Pondasi Agregat Kelas A,
21045805,PENGADAAN_BARANG,Pek. Urugan Tanah Dipadatkan,
18825102,PEKERJAAN_KONSTRUKSI,Renovasi/Pembangunan Pustu Sulang,
18824313,PENGADAAN_BARANG,Sesajen Upacara Keagamaan Dewa Yadnya/ Bhuta Yadnya/Pitra Yadnya,
21760776,PENGADAAN_BARANG,Pengangkutan Dan Pengolahan Limbah B3 (Infeksius),
21030008,PEKERJAAN_KONSTRUKSI,Penataan Halaman SDN 5 Panjer,
21750615,PENGADAAN_BARANG,Tiang bor beton diameter 600 mm,
21759059,PENGADAAN_BARANG,"Kombinasi KDT/FDC mengandung:  a. Fe sulfat/ Fe fumarat/ Fe glukonat (setara dengan 60 mg Fe elemental) b. asam folat 0,4 mg tab sal",
19763104,PENGADAAN_BARANG,"B. Pekerjaan Lapis Fondasi Agregat Kelas A, Terpasang",
21775020,PENGADAAN_BARANG,Security Anggota,
18013229,PENGADAAN_BARANG,COMPOMAT G5 Plus,
19763332,PENGADAAN_BARANG,Pasangan Batu,
18012339,PENGADAAN_BARANG,REF-KAMRT 200 Refill Reagen Sanitarian Kit/Paket Reagensia BMHP Surveilans Air Minum dan Pangan/Paket Reagensia Surveilans Kualitas Air Minum Rumah Tangga (KAMRT),
18488131,PENGADAAN_BARANG,Lapis Pondasi Aggregat Kelas A,
18488839,PEKERJAAN_KONSTRUKSI,Rehabilitasi Jaringan Irigasi Penyabangan,
18483406,PEKERJAAN_KONSTRUKSI,Perbaikan Saluran Desa Keramas,
18488465,PENGADAAN_BARANG,Saluran  Siklop berbentuk U,
21035029,PENGADAAN_BARANG,Pek. Penulangan Besi Ulir/Bjts Diameter 12 Mm,
21031801,PENGADAAN_BARANG,Tulangan Besi Ulir dibawah dia 12mm,
19764532,PENGADAAN_BARANG,Paket Hemodialisa Dewasa Lengkap Elisio 15H,
18360337,PENGADAAN_BARANG,Belanja Modal Kendaraan Bermotor Khusus,
18816929,JASA_LAINNYA,Belanja Barang dan Jasa BLUD Belanja Pemeliharaan Alat Kedokteran dan Kesehatan - PL,
21029140,PENGADAAN_BARANG,Belanja Langganan Jurnal/Surat Kabar/Majalah,
18484739,PENGADAAN_BARANG,Pengadaan Truck Tinja,
21032927,PENGADAAN_BARANG,136 HD Tangki Vacuum 4000L Senang Jaya Abadi,
18609322,PEKERJAAN_KONSTRUKSI,Rehabilitasi ruang kelas SDN 6 Manistutu,
21039080,PENGADAAN_BARANG,Belanja Modal kendaraan Bermotor Penumpang,
21036122,PEKERJAAN_KONSTRUKSI,Rekonstruksi Jalan Kawasan Jalan Jaya Sakti di Kec. Denpasar Utara,
21046443,PEKERJAAN_KONSTRUKSI,Belanja Modal Jalan Lainnya,
21771827,JASA_LAINNYA,Belanja Sewa Aset Tidak Berwujud-Lisensi dan Franchise (Lisensi virtual Network protection pada infrastruktur HCI),
21776489,PENGADAAN_BARANG,"Belanja Alat Kesehatan, BMHP dan Perlengkapan untuk Klinik Pratama",
21773208,PENGADAAN_BARANG,"Teknisi Pemeliharaan Mekanikal, Elektrikal, Plumbing, Dan Elektronika Gedung Besar",
18489277,PEKERJAAN_KONSTRUKSI,"Pembangunan Padmasana, tembok pembatas, penataan gedung dan halaman pada SMPN 4 Gianyar",
21760015,PENGADAAN_BARANG,"Pek. Pas. Batu Belah 1 m3 dengan Mortar tipe N (5,2 MPa), Semi Mekanis, beda tinggi  2 s.d. 3 m",
18600357,PEKERJAAN_KONSTRUKSI,Rehabilitasi Ruang Kelas SDN 1 Yeh Kuning,
18484318,PENGADAAN_BARANG,Hiace 2.8 M/T,
21038376,PENGADAAN_BARANG,Belanja Alat/Bahan untuk Kegiatan Kantor-Perabot Kantor,
21050055,PENGADAAN_BARANG,",Belanja Peralatan Kebersihan dan Bahan Pembersih",
21761634,PENGADAAN_BARANG,Pekerjaan Pemasangan Baja Berat (Baja Profil),
19755354,PENGADAAN_BARANG,Toyota  Double Cabin M/T  right + sirine registrasi minimal tahun 2021,
21751979,JASA_KONSULTANSI_BU_KONSTRUKSI,Perencanaan Teknik Jalan Akses Menuju Pelabuhan Sanur di Kota Denpasar,
19768865,PENGADAAN_BARANG,IP Transit Domestic FO 1000 Mbps,
21063084,PENGADAAN_BARANG,Pek. Plesteran Dinding Semen Instan,
21061239,PENGADAAN_BARANG,Saluran U Pracetak Tipe DS 4 (precast),
18689252,PENGADAAN_BARANG,Belanja Modal Peralatan Studio Audio,
21781273,PENGADAAN_BARANG,Pasangan Batu dengan Mortar,
21753223,PENGADAAN_BARANG,DTS 275 (Meja Kerja 1/2 Biro),
21051913,PENGADAAN_BARANG,"Pasangan Pondasi Siklop, 60% Beton Campuran 1 sp : 2 pb : 3 kr dan 40% Batu Belah",
18603520,PENGADAAN_BARANG,Belanja Barang untuk Dijual/Diserahkan kepada Masyarakat,
18819915,PENGADAAN_BARANG,Belanja Modal Peralatan Studio Video dan Film,
19757153,PENGADAAN_BARANG,Pembesian Ulir,
21777549,PENGADAAN_BARANG,"Belanja Modal Peralatan Jaringan (Core Switch Advance Module 8400 10G SFP/SFP+, Core Switch Module System 8400, Core Switch Power Supply 8400, Transceiver SFP+ Dan Kelengkapannya)",
21052006,PENGADAAN_BARANG,Belanja Modal Peralatan Mainframe,
18491470,PENGADAAN_BARANG,Infant Warmer CLEO 2000 plus Compressor,
21031252,PENGADAAN_BARANG,"Saluran berbentuk U tipe 80x80x120 cm (dengan tutup), terpasang",
21754670,PENGADAAN_BARANG,Cor Beton K-300; Ready Mix,
18491266,PEKERJAAN_KONSTRUKSI,Belanja Modal Bangunan Pengaman Sungai/Pantai dan Penanggulangan Bencana Alam Lainnya- Penataan Kawasan Permukiman Desa Tegallalang (Penataan Lapangan Umum Tegallalang),
19767568,PENGADAAN_BARANG,Toyota  Zenix Q HV CVT Registrasi  Minimal Tahun 2024,
19757419,PENGADAAN_BARANG,Pemasangan Box Culvert 1x1x1,
21756904,JASA_LAINNYA,Belanja Modal Peralatan Studio Audio (Videotron),
18483990,PENGADAAN_BARANG,Belanja Pakaian Olahraga,
21751293,PENGADAAN_BARANG,Belanja AMHP,
21029573,PEKERJAAN_KONSTRUKSI,Peningkatan Jalan Lingkungan di Desa Padangsambian Klod,
21065410,PEKERJAAN_KONSTRUKSI,Peningkatan Jalan Lingkungan di Desa Ubung Kaja,
21038366,PEKERJAAN_KONSTRUKSI,Peningkatan Jalan Lingkungan di Kelurahan Kesiman,
21045214,PEKERJAAN_KONSTRUKSI,Peningkatan Jalan Lingkungan di Desa Pemogan,
19756334,PENGADAAN_BARANG,"Pekerjaan Perkerasan Blok Beton, Terpasang",
18609398,PEKERJAAN_KONSTRUKSI,Rehabilitasi Ruang Kelas SDN 2 Yehembang,
21768778,PENGADAAN_BARANG,Belanja Makanan dan Minuman Aktivitas Lapangan,
21775588,PENGADAAN_BARANG,Belanja Alat/Bahan untuk Kegiatan Kantor - Bahan Komputer (Tinta Komputer),
19760359,PENGADAAN_BARANG,Biaya Pemindahan panel Kubkel PLN berdasarkan surat registrasi,
21064493,PENGADAAN_BARANG,Belanja Modal Mesin Proses,
19757385,PENGADAAN_BARANG,1 Kg Penulangan kolom. balok. ring balk. sloof. dan shearwall untuk BjTP atau BjTS diameter lebih dari sama dengan 12 mm. cara Semi mekanis,
18688919,PENGADAAN_BARANG,Belanja Alat/Bahan untuk Kegiatan Kantor-Bahan Komputer,
18352607,PENGADAAN_BARANG,"1 kg Penulangan slab untuk BjTP atau BjTS diameter kurang dari 12 mm, cara manual",
21055748,PENGADAAN_BARANG,Belanja Alat/Bahan Untuk Kegiatan Kantor-Bahan Komputer,
21044180,JASA_LAINNYA,Belanja Pemeliharaan Pengecatan dan Pengapuran,
19762311,PENGADAAN_BARANG,Syringe Pump,
18347696,PENGADAAN_BARANG,Belanja Modal Electric Generating Set,
21031280,JASA_LAINNYA,Belanja Perjalanan Dinas Biasa,
21036828,PENGADAAN_BARANG,Pek. Pondasi Batu Kali,
21055365,PENGADAAN_BARANG,Laston Lapis Aus (AC-WC),
18487367,PEKERJAAN_KONSTRUKSI,Renovasi Pustu Pejeng Kawan,
21032800,PENGADAAN_BARANG,Belanja Bahan-Bahan Bakar,
21055110,PENGADAAN_BARANG,Pas. U-Ditch ( 400 x 600 x 1200 mm ),
21057155,JASA_LAINNYA,Belanja Sewa Kendaraan Bermotor Penumpang,
21750865,JASA_LAINNYA,Belanja Sewa Kendaraan Bermotor Penumpang,
18687912,PEKERJAAN_KONSTRUKSI,Belanja Modal Bangunan Gedung Garasi/Pool,
21040869,PENGADAAN_BARANG,Belanja Pakaian Dinas dan Atribut Pimpinan dan Anggota DPRD,
21764434,PENGADAAN_BARANG,Penulangan Dengan Besi Ulir,
19762120,PENGADAAN_BARANG,Pemasangan 1 M2 Bata Press Style Bali,
21774381,PENGADAAN_BARANG,Sedatif (Xyla 50 ml),
19762230,PENGADAAN_BARANG,"Pekerjaan Lapis Pondassi Agregat Kelas B, Terpasang",
21065788,PENGADAAN_BARANG,Pek. Penulangan Besi Ulir/Bjts Diameter Lebih Besar 12 Mm,
21766500,JASA_LAINNYA,Belanja Pemeliharaan Peralatan dan Mesin,
18011110,PENGADAAN_BARANG,STANDARD CodeFree Blood Glucose Test Strip,
18825666,PENGADAAN_BARANG,Bm mesin gibrik,
18487734,PENGADAAN_BARANG,Timbunan pilhan dari Sumber galian,
18821152,PENGADAAN_BARANG,"Belanja Bahan-Bahan Bakar dan Pelumas, BBM Bupati, BBM Sekda, BBM Wakil",
21030936,PENGADAAN_BARANG,Pek. Kayu Bungan Prasanak,
18362994,PENGADAAN_BARANG,Belanja Modal Tanah untuk Bangunan Tempat Kerja,
21064770,PENGADAAN_BARANG,Belanja Modal Videotron,
19761347,PENGADAAN_BARANG,Pemasangan 1 M2 Langit-langit (Plafon) pvc serat  Kayu.,
18345093,PENGADAAN_BARANG,Pekerjaan Lapis Fondasi Agregat Kelas A,
18485224,PENGADAAN_BARANG,Belanja Modal Kendaraan Bermotor Penumpang,
18486265,PENGADAAN_BARANG,Zenix 2.0 Q HV CVT TSS Modelista,
21052445,PENGADAAN_BARANG,Pek. Beton Mutu FC21 Mpa (Slump 100 / 25 Mm),
18484002,PEKERJAAN_KONSTRUKSI,Pembangunan RKB dan fasilitas penunjang pada SDN 2 Sanding,
18488649,PENGADAAN_BARANG,Pek. Lapis Fondasi Agregat Kelas A,
21032291,PENGADAAN_BARANG,Belanja Makanan dan Minuman Aktivitas Lapangan,
21041196,PENGADAAN_BARANG,REF-KAMRT 200 Refill Reagen Sanitarian Kit/Paket Reagensia BMHP Surveilans Air Minum dan Pangan/Paket Reagensia Surveilans Kualitas Air Minum Rumah Tangga (KAMRT),
18360244,PENGADAAN_BARANG,"Beton Struktur, Fc 15 Mpa",
18822178,PENGADAAN_BARANG,Belanja Bahan-Bahan Makanan Pasien - PL,
18355005,JASA_LAINNYA,Belanja Iuran Jaminan Kesehatan bagi Non ASN,
21037907,PEKERJAAN_KONSTRUKSI,Peningkatan Jalan Lingkungan di Desa Sidakarya,
21046743,PENGADAAN_BARANG,Kaos Berkerah dan Celana Training,
21031137,PENGADAAN_BARANG,Ornamen Api,
21049483,PENGADAAN_BARANG,Pek. Pas. Paving Block Natural Tebal 8 K-225 (20X20 Cm),
18487217,PENGADAAN_BARANG,Laston Lapis Aus (AC-WC) tebal 6 cm,
18481504,PENGADAAN_BARANG,AXIOO MyPC One Pro K7-24 (8N9),
21052320,PENGADAAN_BARANG,Beton Mutu FC21Mpa,
18490075,PENGADAAN_BARANG,Fortuner 2.7 SRZ WITH GR PARTS AERO PACKAGE 4x2 A/T One Tone (Non Premium Color),
21764676,PENGADAAN_BARANG,Belanja Alat/Bahan untuk Kegiatan Kantor-Bahan Komputer,
21064509,PENGADAAN_BARANG,Pek. Stil Bali Bata Unsur Pengganti,
18013730,PENGADAAN_BARANG,Belanja Modal Alat-Alat Peternakan,
21773913,JASA_KONSULTANSI_BU_KONSTRUKSI,Pengawasan Teknik Jalan pada Ruas Jalan Provinsi Bts. Kediri - Tanah Lot,
18485491,PENGADAAN_BARANG,Toyota Avanza Veloz 1.5 CVT,
21777096,PEKERJAAN_KONSTRUKSI,Belanja Pemeliharaan Ruang Pimpinan DPRD,
21046177,JASA_LAINNYA,Belanja Penggantian Kamera PTZ Sistem ATCS Beserta Kelengkapannya (PDN),
21043350,PENGADAAN_BARANG,Belanja Modal Mesin Proses,
18359420,PENGADAAN_BARANG,"Pekerjaan Laston Lapis Aus (AC-WC), dengan menambahkan campuran limbah Plastik, Terpasang",
21050784,PENGADAAN_BARANG,Saluran berbentuk U Pracetak Tipe DS 4 (Precast),
18484594,PENGADAAN_BARANG,Mobil,
21053045,PENGADAAN_BARANG,"Saluran berbentuk U Tipe DS 4 80 x 80 cm, (Precast)",
21756809,PENGADAAN_BARANG,Pembesian Ulir,
18342600,PENGADAAN_BARANG,Belanja Pakaian Olahraga untuk Kontingen PORJAR Kabupaten Buleleng Tahun 2025.,
21057554,PENGADAAN_BARANG,Pek. 1 kg Pembesian dengan tulangan ulir/ sirip (10-12 ulir),
21776398,PENGADAAN_BARANG,Belanja Modal Electric Generating Set,
21031696,JASA_LAINNYA,Belanja Tagihan Listrik,
21065588,PEKERJAAN_KONSTRUKSI,Peningkatan Jalan Lingkungan di Kelurahan Penatih,
18612015,PENGADAAN_BARANG,Laston Lapis Aus (AC-WC) Terpasang,
21038007,PENGADAAN_BARANG,"Beton Cycloop (60% Beton, 40% Batu Kali)",
19768711,PENGADAAN_BARANG,1 M3  beton mutu sedang fc 21 MPa. Slump (100 kurang lebih 25) mm. agregat maks 19 mm secara semi mekanis,
21034669,PENGADAAN_BARANG,I V D X Glucose Strip Kit 33,
19767951,PENGADAAN_BARANG,Jasa Anti Rayap (Soil Treatment),
18356868,PENGADAAN_BARANG,Belanja Pemeliharaan Bangunan Gedung- Bangunan Gedung Tempat Kerja-Bangunan Kesehatan,
18363390,PENGADAAN_BARANG,Belanja Modal Mebel,
18484766,PENGADAAN_BARANG,Perbaikan Campuran Aspal Panas,
21777551,JASA_LAINNYA,Belanja Sewa Hotel,
18489232,PENGADAAN_BARANG,Philips 55BDL2105X-ik Videowall 3.5mm B2B,
21765462,PENGADAAN_BARANG,Pek. Beton fc 15 MPa (termasuk lansiran),
21774779,PENGADAAN_BARANG,Tanah Urug,
19764439,PENGADAAN_BARANG,"Pek. Pasangan Batu, Terpasang",
18486629,PENGADAAN_BARANG,Belanja Modal Alat Rumah Tangga Lainnya (Home Use),
21031358,PENGADAAN_BARANG,Pek. Beton Cyclop Saluran,
21055303,PEKERJAAN_KONSTRUKSI,Peningkatan Jalan Lingkungan di Kelurahan Pedungan,
21759839,PENGADAAN_BARANG,Belanja Modal Meja dan Kursi,
19762782,PENGADAAN_BARANG,Hidrokortison / Hydrocortisone 100 mg inj,
21041535,PENGADAAN_BARANG,ONECARE Reagen HDL Cholesterol Direct  - 80ML,
21761921,PENGADAAN_BARANG,"Belanja Benih, Ketersediaan Benih Jagung Provinsi Bali",
18355648,PENGADAAN_BARANG,Domestic FO 50 Mbps Internet SME,
18483725,PEKERJAAN_KONSTRUKSI,Peningkatan Jalan Lingkungan Kelurahan Beng,
21760978,PENGADAAN_BARANG,Pek. Stile Bali,
21065795,PEKERJAAN_KONSTRUKSI,Peningkatan Jalan Lingkungan di Kelurahan Pedungan,
21041561,PENGADAAN_BARANG,",Belanja Cetak",
18603614,PENGADAAN_BARANG,Belanja Bahan-Bahan Bakar dan Pelumas,
21063221,PENGADAAN_BARANG,Pek. 1 m3 Beton mutu fc 21 Mpa,
21765623,PEKERJAAN_KONSTRUKSI,Belanja Modal Pembangunan Gudang Obat Expired,
19755995,PENGADAAN_BARANG,"Pek.1 M3 Pas Batu Belah dengan Mortar tipe N Manual, Setara 1SP  4PP . untuk beda tinggi  1 s.d. 2 m lansiran 100 m",
19757822,PENGADAAN_BARANG,LipidoCare Lipid Test Strip Total Cholesterol,
21039331,PENGADAAN_BARANG,Pembesian tulangan besi ulir (13-22),
19755762,PENGADAAN_BARANG,Pembesian Polos,
21034448,PENGADAAN_BARANG,Pek. Pemasangan Paving Block Natural Tebal 8 cm (20 x 20 cm) K 225,
19759351,PENGADAAN_BARANG,"Pek.1 M3 Pas Batu Belah dengan Mortar tipe N Manual, Setara 1SP  4PP . untuk beda tinggi  0 s.d. 1 m lansiran 100 m",
18678124,PEKERJAAN_KONSTRUKSI,Pekerjaan Pembangunan Wantilan Kantor Camat Abang (Lanjutan),
21771964,PENGADAAN_BARANG,Belanja Natura dan Pakan-Natura,
21064529,PENGADAAN_BARANG,Laston Lapis Aus (AC-WC),
18821586,PEKERJAAN_KONSTRUKSI,Pembangunan Lanjutan Ruang Kelas SMP N 1 Nusa Penida,
18481594,PENGADAAN_BARANG,Patient Monitor Tipe VS 80 B Advance,
21065145,JASA_LAINNYA,",Belanja Iuran Jaminan Kesehatan Bagi Pegawai Non ASN",
21052869,PEKERJAAN_KONSTRUKSI,Peningkatan Jalan Lingkungan di Desa Peguyangan Kaja,
18680744,PENGADAAN_BARANG,Belanja Modal Peralatan Studio Video dan Film,
21054480,PENGADAAN_BARANG,Belanja Sewa Hotel,
21055212,PEKERJAAN_KONSTRUKSI,Peningkatan Jalan Lingkungan di Desa Sidakarya,
19768029,PENGADAAN_BARANG,Jasa Pengelolaan Limbah B3 (Bahan Berbahaya dan Beracun) Provinsi  Bali,
21763355,JASA_LAINNYA,Belanja Modal Instalasi Pengaman Lainnya Spesifikasi: Pekerjaan Instalasi Sistem Skywalk,
21780658,PENGADAAN_BARANG,Belanja BMHP,
21754826,PENGADAAN_BARANG,Peralatan Praktik Kejuruan - Konsentrasi Keahlian Bisnis Digital (DAK) SMKN 1 Abang,
21029950,PENGADAAN_BARANG,Belanja Modal Alat Studio Lainnya (DINAS KEBUDAYAAN KOTA DENPASAR),
18362490,PENGADAAN_BARANG,Pekerjaan Pasangan Batu dengan Mortar Terpasang,
21039009,PEKERJAAN_KONSTRUKSI,Rehabilitasi Jalan Kawasan Jalan Patih Jelantik di Kec. Denpasar Barat,
18362079,PENGADAAN_BARANG,ANT Neuro Neurofeedback 8 channel,
18366719,PENGADAAN_BARANG,Fortuner 2.4 G A/T 4x2,
21065213,PENGADAAN_BARANG,Belanja Modal Mesin Proses,
18819394,PEKERJAAN_KONSTRUKSI,Rehabilitasi Ruang Kelas SD N 2 Batumadeg,
18485101,PENGADAAN_BARANG,Belanja Bahan-Bahan Kimia,
18488641,PENGADAAN_BARANG,Belanja Modal Peralatan Studio Audio (Sound Sistem dan Kelengkapannya),
18817025,PENGADAAN_BARANG,Fiber Optik Internasional 20 Mbps Dedicated,
21750855,PENGADAAN_BARANG,Pek. beton K.250,
21769124,PENGADAAN_BARANG,Belanja Bahan-Bahan Kimia,
19756109,PENGADAAN_BARANG,Belanja Modal Kendaraan Dinas Bermotor Perorangan  (Pengadaan Kendaraan Dinas Operasional atau Lapangan),
18481208,PEKERJAAN_KONSTRUKSI,Perluasan SPAM Jaringan Perpipaan di Desa Kerta Kec. Payangan,
18015366,PENGADAAN_BARANG,Paket Data Mobile Internet Nasional BKKBN,
18480327,PEKERJAAN_KONSTRUKSI,Perluasan SPAM Jaringan Perpipaan di Desa Puhu Kec. Payangan,
19766157,JASA_LAINNYA,Belanja Jasa Tenaga Sopir ( Penyediaan Jasa Pelayanan Umum kantor),
21029350,PENGADAAN_BARANG,Bekisting Kolom ( 2 Kali Pakai ),
18481299,JASA_LAINNYA,Belanja Jasa Kalibrasi,
19763841,PENGADAAN_BARANG,Pemasangan 1 M2 Paving block (Blok Beton) Natural Tebal 8 cm fc 20 MPa dan Pengunci Topi Uskup untuk Jalan Lingkungan (Jalan Lokal),
21779970,JASA_KONSULTANSI_BU_KONSTRUKSI,"Jasa Pengawasan Modal Unit Sekolah Baru (USB) SMAN 11 Denpasar, SMAN 12 Denpasar, SMAN 3 Kuta Selatan",
21780052,JASA_KONSULTANSI_BU_KONSTRUKSI,"Jasa Pengawasan Modal Unit Sekolah Baru (USB) SMAN 3 Mengwi, SMAN 2 Kuta Utara, SMAN 3 Negara",
18684873,PENGADAAN_BARANG,Belanja Modal Kendaraan Bermotor Penumpang,
21753211,PENGADAAN_BARANG,Belanja Modal Instalasi Lain,
21050890,PENGADAAN_BARANG,Belanja Kebutuhan Rumah Tangga Walikota,
18491653,PEKERJAAN_KONSTRUKSI,Perluasan SPAM Jaringan Perpipaan di Desa Bakbakan Kec. Gianyar,
18490717,PEKERJAAN_KONSTRUKSI,",Belanja Bantuan Sosial Barang yang Direncanakan kepada Individu -Bantuan Pembangunan Rumah Sederhana Sehat Bagi Masyarakat Berpenghasilan Rendah (MBR), Rumah Tidak Layak Huni (RTLH) di Desa Kedisan, Desa Taro dan Desa Kendran",
18487846,PEKERJAAN_KONSTRUKSI,Perluasan SPAM Jaringan Perpipaan di Desa Sebatu Kec. Tegallalang,
18485999,PEKERJAAN_KONSTRUKSI,Pembangunan SPAM Jaringan Perpipaan di Desa Tegal Tugu Kec. Gianyar,
19763504,PENGADAAN_BARANG,Pasangan 1 m Pipa PVC dia 90 ( 3 inch ),
21753967,JASA_KONSULTANSI_BU_KONSTRUKSI,"Jasa Perencanaan Modal Unit Sekolah Baru (USB) SMAN 12 Denpasar, Jasa Perencanaan Modal Unit Sekolah Baru (USB) SMAN 2 Gianyar, Jasa Perencanaan Modal Unit Sekolah Baru (USB) SMAN 2 Kuta Utara, Jasa Perencanaan Modal Unit Sekolah Baru (USB) SMAN 2 Sukawati, Jasa Perencanaan Modal Unit Sekolah Baru (USB) SMAN 3 Kuta Selatan, Jasa Perencanaan Modal Unit Sekolah Baru (USB) SMAN 3 Mengwi, Jasa Perencanaan Modal Unit Sekolah Baru (USB) SMAN 3 Negara, Jasa Perencanaan Modal Unit Sekolah Baru (USB) SMAN 11 Denpasar",
21063660,PENGADAAN_BARANG,"Pekerjaan Box Culvert Type 1,50 m x 1,50 m",
18351132,PENGADAAN_BARANG,Belanja Modal Alat Peraga Praktik Sekolah Lainnya berupa Pengadaan TIK  DAK 2025,
19761688,PENGADAAN_BARANG,"Goserelin asetat inj 10,8 mg/depot",
18480405,PEKERJAAN_KONSTRUKSI,Peningkatan Jalan Lingkungan Desa Tegaltugu,
21035582,PEKERJAAN_KONSTRUKSI,Peningkatan Jalan Lingkungan di Desa Pemecutan Klod,
18825758,PENGADAAN_BARANG,Belanja Langganan Jurnal/Surat Kabar/Majalah Humas,
18490419,PEKERJAAN_KONSTRUKSI,Perluasan SPAM Jaringan Perpipaan di Desa Bukian Kec. Payangan,
21055534,PENGADAAN_BARANG,",Belanja Alat Tulis Kantor",
19762939,PENGADAAN_BARANG,Human tetanus imunoglobulin inj 250 IU (i.m.),
18684634,PENGADAAN_BARANG,REF-KAMRT 200 Refill Reagen Sanitarian Kit/Paket Reagensia BMHP Surveilans Air Minum dan Pangan/Paket Reagensia Surveilans Kualitas Air Minum Rumah Tangga (KAMRT),
18606805,PENGADAAN_BARANG,Belanja Bahan-Bahan Lainnya,
21759924,PENGADAAN_BARANG,Pembesian Polos,
18821274,PEKERJAAN_KONSTRUKSI,Rambu Lalu Lintas di Nusa Penida,
18486276,PENGADAAN_BARANG,Timbunan Pilihan dari sumber galian,
18820639,PENGADAAN_BARANG,GENEXPERT Xpert MTB/RIF Ultra Assay Kit,
19765312,PENGADAAN_BARANG,Pagar Pengaman Jalan (Guardrail) Flek W Beam Guardrail,
18481637,PEKERJAAN_KONSTRUKSI,Perluasan SPAM Jaringan Perpipaan di Desa Petak Kec. Gianyar,
19756162,PENGADAAN_BARANG,Sewa Set Mainframe (LED),
21035043,PENGADAAN_BARANG,"Pemasangan Paving Block Natural Tebal 8 cm (20 x 20 cm), K225",
18490774,JASA_LAINNYA,Belanja Jasa Tenaga Kebersihan - Belanja Jasa Kebersihan,
21045631,PEKERJAAN_KONSTRUKSI,Peningkatan Jalan Lingkungan di Desa Kesiman Kertalangu,
18678377,PENGADAAN_BARANG,Perbaikan Campuran Aspal Panas,
19757559,PENGADAAN_BARANG,Amoos Amoos Mortuary Refrigerator 3(Three) Body ( Lemari Es Jenazah)  CEACA14 - CEABIS,
21040568,PENGADAAN_BARANG,Timbunan dan Pemadatan,
21030857,JASA_KONSULTANSI_BU_KONSTRUKSI,Pengawasan Pembangunan Puskesmas Denpasar Barat tahap II,
18483164,PEKERJAAN_KONSTRUKSI,Perbaikan/Pembangunan Dinding Penahan Tanah (DPT) Sekolah Desa Singapadu Tengah,
19760342,PENGADAAN_BARANG,Jasa Kebersihaan Pelaksana,
21033270,PENGADAAN_BARANG,Belanja Modal Personal Komputer SMP Negeri 16 dan SMP Negeri 17 Pengadaan Alat Praktik dan Peraga Peserta Didik SMP,
18680325,PENGADAAN_BARANG,Pasangan Batu,
21037575,PENGADAAN_BARANG,Perkerasan Blok Beton pada Trotoar dan Median (Full Warna Merah 20x20x6),
18481360,PENGADAAN_BARANG,Lapis Pondasi Agregat Kelas B,
21775903,PENGADAAN_BARANG,Cor Beton K-300 Ready Mix,
21059980,JASA_LAINNYA,Belanja Jasa yang Diberikan kepada Pihak Ketiga/Pihak Lain,
18486733,PENGADAAN_BARANG,"Tiang Bor Beton, diameter 600 mm",
18012363,PENGADAAN_BARANG,Refrigerated Blood Bag Centrifuge 6 16 KS and Accessories,
21041483,PENGADAAN_BARANG,Pek. Tulangan Besi Ulir (U39) kurang dari 12 mm,
18682391,PENGADAAN_BARANG,"Pengadaan Mebel SMPN 4 Abang, SMPN 2 Kubu, SMPN Satap Tianyar Tengah, SMPN 2 Selat, SMPN 1 Bebandem dan SMPN Satap Datah",
21044968,PENGADAAN_BARANG,Saluran berbentuk U Tipe DS 1a (dengan tutup),
18480990,PENGADAAN_BARANG,ENDO Basic Instrument Laparoscopy Set,
21052356,PENGADAAN_BARANG,PEK. Tulangan Besi Ulir (U39) Kurang Dari 12 MM,
21754911,PENGADAAN_BARANG,Banten Piodalan Saraswati Lengkap Untuk Dinas/Sekolah/Kantor,
18480502,PEKERJAAN_KONSTRUKSI,Perluasan SPAM Jaringan Perpipaan di Desa Kemenuh Kec. Sukawati,
21772966,PENGADAAN_BARANG,"Pasangan Batu, Terpasang",
18343550,PENGADAAN_BARANG,Belanja Pakaian Olahraga untuk Kontingen PORJAR Kabupaten Buleleng Tahun 2025.,
21781772,JASA_LAINNYA,Belanja Sewa Peralatan Komputer Lainnya (Sewa  proyektor/OHP/Infocus/LCD/HDTV),
21055856,PENGADAAN_BARANG,Pek. Penulangan Besi Ulir Bjts Diameter Lebih besar atau sama dengan 12 Mm,
18608372,PENGADAAN_BARANG,Pasangan Batu ( Terpasang ),
18015169,PENGADAAN_BARANG,EuroPro Medical Diode Laser System Helios,
19767929,JASA_LAINNYA,Belanja Jasa Kalibrasi,
19755792,PENGADAAN_BARANG,Belanja Modal Tanaman Koleksi,
21772903,PENGADAAN_BARANG,Lapis Fondasi Agregat Kelas B,
21774915,JASA_LAINNYA,Belanja Pakaian Paskibraka,
21057285,PENGADAAN_BARANG,Jasa Penyelenggara Acara Dan Kelengkapannya,
18362457,PENGADAAN_BARANG,Toyota Innova Zenix 2.0 V HV CVT Modelista,
21052204,PENGADAAN_BARANG,Pek. Penulangan Besi Ulir/Bjts Diameter kurang dari12 Mm,
19762994,JASA_KONSULTANSI_BU_NON_KONSTRUKSI,Belanja Uang dan/atau Jasa untuk Diberikan kepada Pihak Ketiga/Pihak Lain (Pembuatan Dokumen Amdal),
19756243,PENGADAAN_BARANG,Pemasangan 1 M2 Atap Genteng plat,
18480825,PENGADAAN_BARANG,Lapis Fondasi Agregat Kelas A,
21752872,JASA_LAINNYA,",Belanja Jasa Tenaga Administrasi",
18349715,PEKERJAAN_KONSTRUKSI,"Belanja Modal Taman (Penataan Halaman; Pekerjaan Hardscape dan Lanscape), Belanja Modal Bangunan Gedung Garasi/Pool",
18486552,PEKERJAAN_KONSTRUKSI,Pembangunan Rumah Singgah Kabupaten Gianyar,
18821181,PEKERJAAN_KONSTRUKSI,"Konsolidasi Pembangunan Pagar Sekolah, Pembangunan Padmasana, dan Penataan Halaman SD N 3 Nyalian",
18361170,PENGADAAN_BARANG,Belanja Modal Kendaraan Bermotor Khusus_Penyediaan dan Pengelolaan Sistem Penanganan Gawat Darurat Terpadu (SPGDT),
21044776,PENGADAAN_BARANG,Pek. Beton Mutu FC 21 Mpa (Slump 100 +- 25 Mm),
21751025,PENGADAAN_BARANG,Tubular Cell Electrode Package For Bluewave Dinosol 275,
21777317,PENGADAAN_BARANG,Beton struktur fc 20 Mpa,
21758018,PEKERJAAN_KONSTRUKSI,Belanja Peralatan dan Mesin-Rambu-rambu-Rambu-rambu Lalu Lintas Darat-Rambu-Rambu Lalu Lintas Darat Lainnya,
21771154,PENGADAAN_BARANG,Belanja TV Interactive,
18340905,JASA_LAINNYA,Belanja Jasa yang Diberikan kepada Pihak Ketiga/Pihak Lain,
18486318,PEKERJAAN_KONSTRUKSI,",Perbaikan/Pembangunan Dinding Penahan Tanah (DPT) Desa Celuk",
18680380,PEKERJAAN_KONSTRUKSI,Belanja Modal Bangunan Kesehatan-Belanja Pemeliharaan Gedung Pustu Lokasari,
18482163,PENGADAAN_BARANG,Mini Excavator,
19766735,PENGADAAN_BARANG,Tenaga Alih Daya (Outsourcing) Pramusaji,
21037627,PENGADAAN_BARANG,"Pemasangan Paving Block Natural tebal 8 cm (20x20) cm, K225",
21029960,PENGADAAN_BARANG,Pek. Membongkar Unsur Asli/Lama dengan Sistem Registrasi,
19761383,PENGADAAN_BARANG,Satpam Pelaksana,
21765624,PENGADAAN_BARANG,Retinol acetate/ Retinol (vitamin A)/ Vitamin A palmitate kapsul lunak 200.000 IU,
19769511,PENGADAAN_BARANG,Laston Lapis Aus (AC-WC),
21055824,JASA_LAINNYA,Belanja Tagihan Listrik,
21055885,PENGADAAN_BARANG,Belanja Kebutuhan Rumah Tangga Wakil Walikota,
21757498,PENGADAAN_BARANG,"Pek. Tulangan Ulir Untuk Pondasi, Sloff, Kolom, Balok, Dan Tangga Diameter Diatas 12 mm",
21750827,PENGADAAN_BARANG,Pengadaan Kendaraan Angkutan Barang,
21045609,PENGADAAN_BARANG,Gorong-gorong kotak beton bertulang ukuran dalam 500 cm x 400 cm,
18487024,PENGADAAN_BARANG,Transport Incubator NC-1702 TI STD,
21065569,PENGADAAN_BARANG,Perkerasan Blok Beton pada Trotoar dan Median (Full warna Merah 20x20x6 cm) K.225,
21038808,PENGADAAN_BARANG,Beton mutu sedang fc 25 MPa,
21049464,PENGADAAN_BARANG,Saluran U Pracetak Tipe DS 4 ( Precast ),
18488915,PEKERJAAN_KONSTRUKSI,Belanja Modal Jaringan BLUD,
21045847,PENGADAAN_BARANG,Pek. Kayu Bungan Bale Gajah,
19758882,PENGADAAN_BARANG,"Latex Examination Gloves Lightly Powdered, Size M",
21777654,PENGADAAN_BARANG,Pengadaan Pompa Air Limbah,
18366137,PENGADAAN_BARANG,Pekerjaan Lapis Fondasi Agregat Kelas A,
18013724,PEKERJAAN_KONSTRUKSI,Rabat Beton Pulasari Kawan Penarukan,
18489360,PENGADAAN_BARANG,Pengadaan AC,
18684845,JASA_LAINNYA,Belanja Sewa Peralatan Komputer Lainya,
18483631,PENGADAAN_BARANG,Belanja Alat/Bahan untuk Kegiatan Kantor- Bahan Cetak,
19755902,PENGADAAN_BARANG,Sildenafil tab 20 mg,
18011182,PENGADAAN_BARANG,Belanja Obat-Obatan-Obat-Obatan Lainnya (BMHP DNA HPV),
21770017,JASA_KONSULTANSI_BU_KONSTRUKSI,Pengawasan Teknik Peningkatan Jalan pada Ruas Jalan Provinsi PEMPATAN - BAN,
21767986,PENGADAAN_BARANG,"1 m3 beton mutu sedang fc 20 MPa,",
21759490,PENGADAAN_BARANG,Banten Piodalan Hari Raya Saraswati,
21050388,PENGADAAN_BARANG,Pek. Atap Ijuk tebal 45 cm,
21045035,PENGADAAN_BARANG,Belanja Langganan Jurnal/Surat Kabar/Majalah,
21753129,PENGADAAN_BARANG,Pekerjaan Penulangan Besi Ulir BjTS Cara mekanis,
21776781,PENGADAAN_BARANG,Beton K250 Ready Mix,
21771866,PENGADAAN_BARANG,Perbaikan Pasangan Batu Dengan Mortar,
21056243,PENGADAAN_BARANG,Laptop,
21029551,PENGADAAN_BARANG,Lampu Penerangan Jalan Tenaga Surya,
21751557,PENGADAAN_BARANG,Belanja Obat Anastesi Hewan Kemasan 50ml,
18486781,PEKERJAAN_KONSTRUKSI,Rehabilitasi Jaringan Irigasi Penginyahan,
21057708,PENGADAAN_BARANG,Golden Glove Indonesia Latex Examination Gloves  Powder Free,
21774064,PENGADAAN_BARANG,Lapis Pondasi Agregat Kelas A,
21065167,PENGADAAN_BARANG,"Paving Block Natural 20 x 20cm, T8cm, K.225",
18821104,PENGADAAN_BARANG,"Cold Rooms for Body,CEACA14",
21764877,PEKERJAAN_KONSTRUKSI,Belanja Peralatan dan Mesin-Rambu-rambu-Rambu-rambu Lalu Lintas Darat-Rambu-Rambu Lalu Lintas Darat Lainnya,
18605148,PENGADAAN_BARANG,Lapis Pondasi Agregat Kelas A ( Terpasang ),
21759495,JASA_KONSULTANSI_BU_KONSTRUKSI,Perencanaan Teknik Jalan dan Jembatan pada Ruas Jalan Provinsi PAKSEBALI - SELAT,
18819010,PENGADAAN_BARANG,REF-KAMRT 200 Refill Reagen Sanitarian Kit/Paket Reagensia BMHP Surveilans Air Minum dan Pangan/Paket Reagensia Surveilans Kualitas Air Minum Rumah Tangga (KAMRT),
21061724,PENGADAAN_BARANG,Pek. Pas. U-Ditch uk. 80x80x120 cm K-350,
21030223,PENGADAAN_BARANG,Pek. Kayu Bungan Semanggen,
21038614,JASA_LAINNYA,Belanja Perjalanan Dinas Paket Meeting Dalam Kota (Fullboard Meeting) (FKLN) 2025,
18610398,PENGADAAN_BARANG,Belanja Pakaian Sipil Lengkap (PSL),
21749496,PENGADAAN_BARANG,Pek. Tulangan D 16 mm,
21041276,PENGADAAN_BARANG,Lapis Fondasi Agregat Kelas A,
18353489,PENGADAAN_BARANG,Campuran Beraspal Panas Laston Lapis Aus (AC-WCP) Terpasang,
21030619,PENGADAAN_BARANG,Metracide 1 liter,
19767171,PENGADAAN_BARANG,Belanja Modal Personal Computer  (Alat Praktik dan Peraga PAUD),
21050972,PENGADAAN_BARANG,"Beton Cycloop (60 % Beton, 40 % Batu Kali)",
21031197,PENGADAAN_BARANG,Pemasangan Guiding Block 30x30 T. 1.6 cm (Roman),
18678715,PENGADAAN_BARANG,Belanja Modal Alat Kantor Lainnya,
21031672,PENGADAAN_BARANG,Pembongkaran Beton,
21050080,PENGADAAN_BARANG,F HbA1C Test,
18484500,PENGADAAN_BARANG,Z Vent MRI,
18012862,PENGADAAN_BARANG,Automated Immunoassay System HISCL-800 and Accessories include Peripherals,
18821475,JASA_LAINNYA,Belanja Barang dan Jasa BLUD berupa Belanja Pemeliharaan Alat Non Medis,
21063230,PEKERJAAN_KONSTRUKSI,Peningkatan Jalan Lingkungan di Kelurahan Peguyangan,
18365843,PENGADAAN_BARANG,"Penyediaan Unit Pracetak Gelagar Type I Bentang 14,6 m",
18348326,PENGADAAN_BARANG,Pekerjaan Pasangan Batu Terpasang,
21055466,PEKERJAAN_KONSTRUKSI,Peningkatan Jalan Lingkungan di Desa Sanur Kauh,
19763765,PENGADAAN_BARANG,"Pek. Perbaikan Lapis Fondasi Agregat Kelas A, Terpasang",
21065732,PENGADAAN_BARANG,Pekerjaan Perkuatan Pondasi dengan cerucuk bambu Q 8 - 10 cm,
18687105,PENGADAAN_BARANG,Laston Lapis Aus (AC-WC),
18687157,PENGADAAN_BARANG,Laston Lapis Aus (AC-WC),
21044992,PENGADAAN_BARANG,PEK. BETON FC 20 Mpa,
18350984,PENGADAAN_BARANG,"Belanja Bahan-Bahan Lainnya, Strip Gula darah,Pengadaan Obat, Bahan Habis Pakai, Bahan Medis Habis Pakai,, Vaksin, Makanan dan Minuman di Fasilitas Kesehatan, Dinkes",
21040589,PENGADAAN_BARANG,"Beton, fc 10 Mpa",
21035014,PENGADAAN_BARANG,Perkerasan Blok Beton pada Trotoar Dengan Spesi (Full Warna Mrah 20x20x6 cm) K.225,
21778776,PENGADAAN_BARANG,Pembesian Ulir,
21051555,PENGADAAN_BARANG,Pekerjaan Pembesian Sloof,
21769515,PENGADAAN_BARANG,Laston Lapis Aus (AC-WC),
21760054,PENGADAAN_BARANG,Plat Penutup Tipe 100 precast (K350) Gandar 10 Ton,
21039521,PEKERJAAN_KONSTRUKSI,Peningkatan Jalan Lingkungan di Kelurahan Penatih,
18681438,PENGADAAN_BARANG,Fiber Optik Internasional 70 Mbps Dedicated,
21050260,PENGADAAN_BARANG,Belanja Bahan-Bahan Bakar Dan Pelumas,
18601749,PENGADAAN_BARANG,Pasangan Batu ( Terpasang ),
19756789,PENGADAAN_BARANG,"D. Pekerjaan Pasangan Batu, Terpasang",
21049287,PENGADAAN_BARANG,Pekerjaan Pembesian,
21054192,PENGADAAN_BARANG,Lapis Fondasi Bawah Beton Kurus (Concrete Vibrator),
21759060,JASA_KONSULTANSI_BU_KONSTRUKSI,Pengawasan Teknik Rekonstruksi Jalan pada Ruas jalan Provinsi Bts. Kota Amlapura - Seraya - Culik,
21762295,PENGADAAN_BARANG,Banten Piodalan Saraswati,
18487041,PEKERJAAN_KONSTRUKSI,Rehabilitasi Jaringan Irigasi Tirta Petak,
18343459,PENGADAAN_BARANG,Pekerjaan Beton fc 15 Mpa Terpasang,
21773743,JASA_LAINNYA,Belanja Sewa Alat Kantor Lainnya,
18821016,PEKERJAAN_KONSTRUKSI,Rehabilitasi Ruang Kelas SD N 3 Batukandik,
18339991,PENGADAAN_BARANG,Belanja Modal Laptop,
21059896,PENGADAAN_BARANG,Beton  fc 15 Mpa,
18489546,PENGADAAN_BARANG,Belanja Modal Alat Kantor Lainnya,
21780547,JASA_KONSULTANSI_BU_KONSTRUKSI,Pengawasan Teknik Peningkatan Jalan pada Ruas Jalan Provinsi RENDANG - BTS. KOTA AMLAPURA,
19758417,PENGADAAN_BARANG,Operating Table Electric Smart - YOT-318,
21780176,JASA_KONSULTANSI_BU_KONSTRUKSI,Pengawasan Teknik Pelebaran Jalan pada Ruas Jalan Provinsi Wanagiri - Munduk - Mayong,
18488709,PEKERJAAN_KONSTRUKSI,Perbaikan/Pembangunan Dinding Penahan Tanah (DPT)Setra  Desa Petak Kaja,
18685095,PENGADAAN_BARANG,"Pengadaan Mebel SDN 2 Duda Timur, 2 Wismakerta, 2 Duda, 1 Abang, 1 Wismakerta, 2 Tri Buana, 1 Pertima, 3 Menanga, 2 Pesaban, 4 Peringsari",
21064219,PENGADAAN_BARANG,"Perkerasan Blok Beton pada Trotoar dan Median (Full warna Merah 20x20x6 cm), K.225",
19762805,PENGADAAN_BARANG,Belanja Modal Alat Kedokteran Umum,
18486445,JASA_LAINNYA,Belanja Jasa yang Diberikan kepada Pihak Ketiga/Pihak Lain/Masyarakat,
21031271,PEKERJAAN_KONSTRUKSI,Perbaikan Saluran Irigasi Subak Lungatad (Pemulihan Infrastruktur Akibat Bencana Banjir),
21036130,PENGADAAN_BARANG,Pura Tambang Badung,
21040287,PENGADAAN_BARANG,"Banten Karya Memungkah, Ngenteg Linggih, Padudusan Agung, Manawa Ratna",
21040402,PENGADAAN_BARANG,"Banjar Gunung, Desa Adat Pemogan, Denpasar Selatan",
21043133,PENGADAAN_BARANG,Upakarya Karya Ngenteg Linggih Wreshpati Kalpa Agung Caru Panca Rupa Panca Kelud,
21056761,PEKERJAAN_KONSTRUKSI,Perbaikan sarana dan Prasarana dan Senderan Jalan Pulau Biak di Desa Pemecutan Kelod (Pemulihan Infrastruktur Akibat Bencana Banjir),
21060113,PENGADAAN_BARANG,Belanja Modal Mesin Proses,
21062567,PENGADAAN_BARANG,Pura Dalem Kahyangan Umadui,
21037774,PENGADAAN_BARANG,Belanja Modal Personal Computer Berupa Komputer/PC,
21048128,PENGADAAN_BARANG,Pas. Cover Udith (CU) 50.12.120 cm,
18491016,PENGADAAN_BARANG,Belanja Modal Personal Komputer,
18677857,PEKERJAAN_KONSTRUKSI,Belanja Modal Jaringan Listrik Lainnya/Pengadaan LPJU-Belanja Modal Jaringan Listrik Lainnya,
18680596,PENGADAAN_BARANG,Perbaikan Campuran Aspal Panas,
19769187,PENGADAAN_BARANG,1 M1 Saluran U-Ditch 40x60x120 cm+ tutup  dengan lantai kerja fc 10 Mpa,
19759580,PENGADAAN_BARANG,Sub Fasilitasi Pengelolaan Bina Mental Spiritual-Bagian Kesra-Belanja Menawa Ratna,
18482807,PENGADAAN_BARANG,Excavator Mini,
18610729,JASA_LAINNYA,Belanja Modal Aset Tidak Berwujud-Software BIDANG PBB P2 DAN BPHTB,
21754127,PENGADAAN_BARANG,Motorola XiR P8668i VHF 136-174 MHz,
18481514,PENGADAAN_BARANG,Belanja Modal Personal Komputer,
21059181,PENGADAAN_BARANG,Belanja Modal Alat Angkutan Darat Bermotor Lainnya,
18491517,PENGADAAN_BARANG,Belanja Modal Kendaraan Bermotor Khusus,
19765254,PENGADAAN_BARANG,"Moxifloxacin hydrochloride (HCl)/ Moxifloxacin/ Moksifloksasin infus 1,6 mg/mL (400mg/250ml)",
21775327,PENGADAAN_BARANG,Belanja Modal Mebel,
18489361,PENGADAAN_BARANG,Lapis Pondasi Agregat Kelas A,
21753270,JASA_KONSULTANSI_BU_KONSTRUKSI,Pengawasan Penataan Area Parahyangan di Kawasan Suci Besakih Kabupaten Karangasem Tahap I,
18600291,PENGADAAN_BARANG,Beton fc 15 Mpa ( Terpasang ),
21751511,PENGADAAN_BARANG,Kursi Pimpinan 2-001-0516-24,
21754119,PEKERJAAN_KONSTRUKSI,Pembangunan Garasi Truk Operasional,
